gene,statistic,p_value,effect_size_max_minus_min,cluster_with_highest_expression,mean_cluster_0,mean_cluster_1,p_adjusted_bh
ENSG00000101470.10,-22.548595410363905,1.9967306161923918e-29,8.710163223344706,1,3.7422860694248765,12.452449292769582,3.993461232384784e-26
ENSG00000135902.10,-21.23264188752208,4.613041678845916e-28,6.999208672420656,1,1.6215623585247017,8.620771030945358,4.613041678845916e-25
ENSG00000180209.12,-19.37824736621982,7.767914042365354e-26,8.908002790482708,1,3.488670085083267,12.396672875565976,5.1786093615769024e-23
ENSG00000122180.5,-19.164408975999603,1.3683592482377324e-25,8.996711165427806,1,2.147395716797414,11.14410688222522,6.841796241188662e-23
ENSG00000159251.8,-18.296034444149573,9.756713692828036e-25,8.553220001499897,1,2.920227380841188,11.473447382341085,3.902685477131214e-22
ENSG00000118729.12,-21.76461695133548,2.0246015416087744e-24,7.5894294962723094,1,1.6204626251283827,9.209892121400692,6.748671805362581e-22
ENSG00000124701.5,-22.51980575309272,3.7850265203335816e-24,7.372710615231522,1,1.2377145595930072,8.61042517482453,1.0814361486667376e-21
ENSG00000168530.16,-18.10738319955079,1.0673356144924158e-23,9.58514173452671,1,2.3339569773364857,11.919098711863196,2.6683390362310394e-21
ENSG00000109063.15,-19.18398097415567,1.827021005919824e-23,7.829260130468681,1,2.6460196130330993,10.47527974350178,4.0390086992565335e-21
ENSG00000165917.10,-18.34665635308112,2.019504349628267e-23,6.533860884984624,1,1.9155703445661298,8.449431229550754,4.0390086992565335e-21
ENSG00000187616.5,-20.17137383650529,2.157563146797895e-22,6.739765578016044,1,1.2284640451494266,7.96822962316547,3.9228420850870826e-20
ENSG00000196296.14,-19.627270338497322,2.588766747258917e-22,6.119737399618073,1,2.3600507446537424,8.479788144271815,4.3146112454315285e-20
ENSG00000105251.11,-17.32148031275765,4.540872900038483e-22,5.5203631071614305,1,1.704447398357383,7.224810505518813,6.985958307751512e-20
ENSG00000159173.19,-19.251107372882025,3.1031797008974424e-21,6.919529935210855,1,2.5796741444766393,9.499204079687495,4.433113858424918e-19
ENSG00000129152.4,-16.219735555687404,5.208998121106807e-21,6.2640224477973705,1,1.8910279679183128,8.155050415715683,6.94533082814241e-19
ENSG00000198336.9,-18.84394792339576,1.5830078334513125e-20,7.973430215752579,1,2.126503733929989,10.099933949682567,1.9787597918141406e-18
ENSG00000130528.12,-14.685238558842213,8.348613903094016e-20,5.249055189775175,1,2.7677505620979517,8.016805751873127,9.821898709522372e-18
ENSG00000108823.16,-18.10459351251014,2.344994549615261e-19,6.0293565665842355,1,1.7900730873221153,7.819429653906351,2.6055494995725122e-17
ENSG00000154553.16,-16.18049089247919,4.184027706785596e-19,3.9988884988575837,1,1.9391284867280707,5.938016985585654,4.404239691353259e-17
ENSG00000185739.13,-18.901364111079985,1.8963810610238447e-18,6.41718875450181,1,1.399055342180552,7.816244096682362,1.8963810610238446e-16
ENSG00000133055.9,-17.53914533255826,2.331481585352718e-18,8.333052723345155,1,1.9388944028344364,10.27194712617959,2.2204586527168743e-16
ENSG00000091482.8,-18.66591394204525,6.240053592098946e-18,6.691407277515658,1,1.5268129937257695,8.218220271241428,5.672775992817224e-16
ENSG00000185482.8,-19.24718034154982,8.042477054711906e-18,5.52020886542954,1,3.4856132954514596,9.005822160881,6.993458308445135e-16
ENSG00000112183.15,-16.94970017106846,8.514953945324852e-18,5.115332006409478,1,2.5468925784219536,7.662224584831431,7.095794954437378e-16
ENSG00000169271.3,-18.10339151600484,8.94630495344591e-18,6.333161234252709,1,1.5660598316011483,7.899221065853857,7.157043962756729e-16
ENSG00000147573.17,-17.23864529290388,1.3220394012428185e-17,5.888065352093211,1,1.2401044346080201,7.128169786701231,1.0169533855713988e-15
ENSG00000129910.8,-18.754136775861998,1.6207220003307207e-17,6.093201166538246,1,1.6823853192187108,7.775586485756957,1.2005348150597932e-15
ENSG00000184343.11,-16.924917273478744,1.682620551637394e-17,4.474010583762998,1,2.265317456826031,6.739328040589029,1.2018718225981384e-15
ENSG00000168509.20,-19.56288715041489,5.957214005278204e-17,5.3947614260017955,1,0.7098165102037193,6.104577936205515,4.108423451916003e-15
ENSG00000143171.13,-14.953842911453474,8.95388613974796e-17,4.27665594025032,1,2.2350280595350362,6.511683999785356,5.96925742649864e-15
ENSG00000107859.10,-14.693591161516947,1.055949332254614e-16,4.787970336483459,1,1.8172271954633483,6.605197531946808,6.7507392355104244e-15
ENSG00000160097.20,-13.471887524646249,1.0801182776816679e-16,4.146728436882146,1,3.862608901738915,8.00933733862106,6.7507392355104244e-15
ENSG00000277534.1,11.695114074913754,1.6819693312767487e-16,2.63295264282722,0,3.784503745061874,1.151551102234654,1.0193753522889386e-14
ENSG00000130595.19,-14.402721237329777,5.655667775416188e-16,6.895641053893019,1,2.902579389692022,9.798220443585041,3.3268633973036406e-14
ENSG00000180999.11,-19.098188910873052,1.2445132796268648e-15,6.399316960456679,1,0.8853995113616184,7.284716471818298,7.111504455010656e-14
ENSG00000187210.14,11.025156523629699,1.83706293317412e-15,2.3372941260231883,0,3.199511899501973,0.8622177734787848,1.0205905184300666e-13
ENSG00000127743.6,-15.493540464196654,2.104919447199901e-15,5.67661481154577,1,2.3373630577311775,8.013977869276948,1.1377942957837304e-13
ENSG00000182533.7,-19.17429575615483,2.2441670359775463e-15,6.616665712132206,1,0.8017652051271407,7.418430917259347,1.18114054525134e-13
ENSG00000139914.6,-19.394809714513368,4.970231629428352e-15,5.634592145752772,1,1.4012559260516884,7.035848071804461,2.5488367330401804e-13
ENSG00000179314.14,-13.989864070338639,1.2261960461078054e-14,3.2712488694153685,1,2.055597001754236,5.3268458711696045,6.130980230539027e-13
ENSG00000175084.12,-13.530109606404595,1.2800484479012883e-14,6.887645527024849,1,5.229672877386126,12.117318404410975,6.244138770250187e-13
ENSG00000167476.10,-12.152004918193875,1.652903852803263e-14,3.9106821799502725,1,2.3425929896229394,6.253275169573212,7.870970727634585e-13
ENSG00000101306.11,-18.07557323777132,1.9123754327957455e-14,4.150887034659183,1,1.9646482390827558,6.115535273741939,8.894769454863932e-13
ENSG00000248713.1,-22.680103209055336,2.7875030032116328e-14,4.798605473713641,1,0.7533343945164694,5.55193986823011,1.2670468196416513e-12
ENSG00000179456.10,-10.214487979219946,5.21742861730651e-14,2.3400883762853493,1,3.9363919868180925,6.276480363103442,2.3188571632473375e-12
ENSG00000132429.10,-10.745486812142842,8.120803754186535e-14,2.7369031248347406,1,2.8098158440768977,5.546718968911638,3.530784240950667e-12
ENSG00000108878.5,-17.307322925398793,8.968047435977125e-14,5.861627342993076,1,0.9551631376739862,6.816790480667063,3.816190398288138e-12
ENSG00000085276.19,10.906133357604677,9.813951780861898e-14,3.2519908771379367,0,5.096495486235265,1.844504609097329,4.089146575359125e-12
ENSG00000108515.18,-15.574936232949135,2.9440542976983107e-13,4.728212077365134,1,3.294485328382964,8.022697405748097,1.2016548153870656e-11
ENSG00000166317.12,-19.479449319288232,3.796725675684086e-13,5.930933460476012,1,0.8260167211105022,6.7569501815865145,1.5186902702736346e-11
ENSG00000157119.12,-17.87155268538564,4.541678574165311e-13,5.8968513277545,1,0.6695053537216422,6.566356681476142,1.7810504212412984e-11
ENSG00000205336.14,9.778143312383278,1.4913416240542946e-12,2.496543931234324,0,4.581382703962214,2.0848387727278905,5.7359293232857483e-11
ENSG00000227877.7,-16.58657835640937,1.5230401544358942e-12,4.7922173120539355,1,0.7538329038177927,5.546050215871729,5.74355084244201e-11
ENSG00000184012.13,9.188907617192532,1.5507587274593427e-12,1.9330117771272297,0,2.123008628402711,0.18999685127548138,5.74355084244201e-11
ENSG00000099869.8,-9.19136164056836,1.685599059815817e-12,3.4794407428013687,1,3.0227625528877167,6.502203295689085,6.12945112660297e-11
ENSG00000205517.13,9.33756372813923,2.17332476878024e-12,2.5940327412853614,0,3.560122753693028,0.9660900124076668,7.761874174215144e-11
ENSG00000143028.9,-14.701283300007079,3.064051909361227e-12,4.360588054653478,1,1.3938564194731804,5.754444474126658,1.0751059331092025e-10
ENSG00000164093.17,-11.498931121909951,4.843018320211748e-12,4.146692105181906,1,2.1289487285862285,6.275640833768134,1.6700063173143958e-10
ENSG00000237289.10,8.75889187689113,5.27388828089868e-12,1.759232296919209,0,1.9632866230821426,0.20405432616293376,1.7877587392876883e-10
ENSG00000115593.15,-16.72913206310467,5.92773530779217e-12,6.705526482417128,1,0.8082642065098501,7.513790688926979,1.9759117692640568e-10
ENSG00000234638.1,-15.859429824759554,7.048613836577629e-12,3.5318704661584106,1,0.578580740618866,4.1104512067772765,2.311020930025452e-10
ENSG00000130598.16,-13.532811668900822,8.504723734994476e-12,6.801864060773292,1,2.9443868574304255,9.746250918203717,2.743459269353057e-10
ENSG00000145681.11,8.61730220074651,8.739647507245372e-12,2.285824024792542,0,2.9880516929442975,0.7022276681517553,2.774491272141388e-10
ENSG00000285128.1,8.82512607152537,1.159101731165639e-11,2.2069248545475633,0,2.7660734607237836,0.5591486061762202,3.6221929098926216e-10
ENSG00000239474.7,-15.002971359171793,1.2885789994670662e-11,6.985104421202056,1,1.689329413419957,8.674433834622013,3.964858459898665e-10
ENSG00000177238.14,-16.276960166463244,1.8588486560489834e-11,5.038546617662006,1,0.6537483283132033,5.69229494597521,5.63287471529995e-10
ENSG00000141161.12,-17.286907004937962,2.1891458008564227e-11,6.4376158614001175,1,0.7521542213139467,7.189770082714064,6.534763584646038e-10
ENSG00000077522.14,-15.127472628170954,2.611056809790134e-11,6.562046450256976,1,1.5672454331732577,8.129291883430234,7.679578852323922e-10
ENSG00000102683.8,-13.890681430950934,2.6602593920241115e-11,4.749639951595896,1,1.9708374932927608,6.720477444888656,7.710896788475686e-10
ENSG00000043355.12,8.42112181428453,3.001457680642776e-11,2.6623064067734097,0,3.022733246555863,0.3604268397824532,8.575593373265074e-10
ENSG00000138100.14,-15.215173516741165,3.8550787454338594e-11,5.231276072958794,1,1.1401181827552394,6.3713942557140335,1.0859376747701012e-09
ENSG00000103742.12,-9.897019631302294,4.1053273424244676e-11,2.5820438300167337,1,3.0471666257528063,5.62921045576954,1.140368706229019e-09
ENSG00000197757.8,-9.120292473821083,4.162556380897312e-11,2.707449847966483,1,2.4796302017504206,5.187080049716903,1.140426405725291e-09
ENSG00000173890.17,8.566046949936826,6.181871325921063e-11,2.222353049634263,0,3.4949045295138332,1.27255147987957,1.67077603403272e-09
ENSG00000196091.15,-18.06046118659356,6.417712630432805e-11,6.725538065932483,1,0.6621159233232893,7.387653989255772,1.7113900347820812e-09
ENSG00000146038.12,8.062982231752205,7.25828436847463e-11,2.375370735957884,0,3.2214243110399057,0.8460535750820217,1.910074833809113e-09
ENSG00000175920.18,-10.795565819227418,9.195931533721701e-11,2.791326075224466,1,2.1372894882693383,4.928615563493804,2.38855364512252e-09
ENSG00000233834.6,7.980355503399275,9.681124934343662e-11,1.9918056430990654,0,2.472178349313094,0.4803727062140285,2.482339726754785e-09
ENSG00000101198.15,-8.83380528406346,1.209132196378107e-10,3.6611362923759803,1,3.788918357965091,7.450054650341071,3.0610941680458404e-09
ENSG00000105289.15,8.56157287685607,1.3816115797867048e-10,2.425677283102512,0,3.0783435976734914,0.6526663145709796,3.4540289494667617e-09
ENSG00000164440.15,-16.247736687109043,1.4594761454466357e-10,3.905141241768389,1,1.3690178105607813,5.27415905232917,3.6036448035719397e-09
ENSG00000138435.16,-11.387765562121983,1.498762109978799e-10,5.164055173879374,1,2.4739529404766443,7.638008114356018,3.6555173414117053e-09
ENSG00000225613.2,-14.973263601199456,1.5291553496608326e-10,6.4658017300672,1,0.791249993936647,7.257051724003848,3.6847116859297172e-09
ENSG00000275234.1,8.888888358938003,2.177351391658679e-10,3.0749984298817705,0,4.043773375247817,0.9687749453660461,5.140285698873591e-09
ENSG00000141738.14,9.059344497992615,2.1846214220212763e-10,2.9120632768866765,0,4.685982606903928,1.7739193300172515,5.140285698873591e-09
ENSG00000156885.6,-14.610508036175403,2.559523548321866e-10,6.049912881940345,1,1.2484826743640367,7.298395556304381,5.924329751011181e-09
ENSG00000163694.15,8.65951333023962,2.577083441689864e-10,2.237911311532849,0,3.4115598496098585,1.1736485380770096,5.924329751011181e-09
ENSG00000143632.14,-15.040718268288538,2.7166810520304445e-10,8.999572681375815,1,2.5870540028282445,11.58662668420406,6.17427511825101e-09
ENSG00000176909.12,-9.184258232529427,3.1011389984038147e-10,2.431402370442087,1,4.219735250137568,6.651137620579655,6.9688516818063255e-09
ENSG00000197852.12,-13.226326426838503,3.828326785246122e-10,3.4182762459824496,1,2.216047650710532,5.634323896692981,8.507392856102494e-09
ENSG00000132746.15,7.6374021301473345,4.409794213728022e-10,2.2603876627683874,0,2.682094740784032,0.4217070780156446,9.691855414786861e-09
ENSG00000227121.2,7.530554907817636,5.999532250047144e-10,2.528402083360575,0,3.2387737229327214,0.7103716395721463,1.3042461413145965e-08
ENSG00000170290.4,-14.0425481819105,7.264541224900808e-10,7.28797591719291,1,1.5838524592457377,8.871828376438648,1.562266930086195e-08
ENSG00000114854.8,-12.27656614965207,7.748079939501599e-10,5.9450682392894505,1,4.189338700849478,10.134406940138929,1.6311747241055998e-08
ENSG00000253313.6,8.458925840455986,7.691932839707762e-10,2.8168022696892363,0,3.4588968854145357,0.6420946157252992,1.6311747241055998e-08
ENSG00000172399.6,-15.363426324220747,8.153652723591655e-10,6.120571351966841,1,0.7112483308847382,6.83181968285158,1.6986776507482615e-08
ENSG00000138347.16,-16.699944404737987,9.807188364582375e-10,4.713348577440576,1,0.4883099665810254,5.201658544021601,2.0221006937283247e-08
ENSG00000165495.16,-9.154089392395939,1.0044973401679656e-09,2.4927165475624355,1,2.800980418202372,5.293696965764807,2.0499945717713582e-08
ENSG00000114638.8,7.35730845044341,1.0312511266748487e-09,2.1369736888262936,0,2.365358805652113,0.22838511682581947,2.0833356094441387e-08
ENSG00000112186.12,-12.541761133039495,1.0605177472897045e-09,3.0232817534953984,1,4.7955918843094905,7.818873637804889,2.121035494579409e-08
ENSG00000112319.19,-7.869151212543095,1.0858842305012516e-09,2.4258635218531435,1,2.285371921948051,4.711235443801194,2.1502658029727757e-08
ENSG00000168427.9,-14.374816994913456,1.1588221669638684e-09,3.706313024505989,1,1.3615224017974736,5.067835426303462,2.247175204078206e-08
ENSG00000160539.6,-9.582153993422297,1.1587056017511441e-09,2.722684395035058,1,1.9587735139696125,4.681457909004671,2.247175204078206e-08
ENSG00000125850.11,8.057830840357806,1.1685311061206671e-09,2.11534609136622,0,2.472057528801354,0.35671143743513434,2.247175204078206e-08
ENSG00000130545.16,8.545096130180521,1.2131161598618477e-09,2.824892754976225,0,3.6974021771312837,0.8725094221550591,2.3106974473559003e-08
ENSG00000164736.6,7.312637746845166,1.4953778129385327e-09,3.183484552239749,0,5.241480286353284,2.0579957341135353,2.8214675715821373e-08
ENSG00000142661.19,-13.78962563467816,1.5565088228250012e-09,4.802749214401257,1,1.1168366500304916,5.919585864431749,2.909362285654208e-08
ENSG00000162614.19,-11.514730976527714,1.781438441531886e-09,3.1781345500581364,1,2.986843711287276,6.1649782613454125,3.2989600769109004e-08
ENSG00000180447.7,-7.276073291685039,1.860615302110424e-09,2.230047428323524,1,5.155960384676001,7.386007812999525,3.4139730313952735e-08
ENSG00000261183.5,8.0029570264402,2.0585968941011043e-09,1.9189629854666288,0,2.7702211235761176,0.8512581381094887,3.7429034438201896e-08
ENSG00000155066.16,7.225930581422137,2.0804597771430566e-09,2.1528377926171878,0,3.4259811656332277,1.27314337301604,3.7485761750325345e-08
ENSG00000198842.10,-14.57797359581552,2.2410999670800575e-09,4.8276623982532705,1,0.9314122339743207,5.759074632227591,4.001964226928674e-08
ENSG00000126460.11,7.687653629268403,2.2853908750580958e-09,1.8323363326855164,0,3.1859436562652377,1.3536073235797212,4.044939601872736e-08
ENSG00000215861.6,-12.697562482782434,2.360168105414695e-09,4.583993871377956,1,2.4847013955141404,7.068695266892096,4.1406457989731486e-08
ENSG00000133020.4,-14.809817981468166,2.6454269955050186e-09,7.758214760723316,1,0.9617364734460846,8.7199512341694,4.561081026732791e-08
ENSG00000158022.7,-13.832486574387922,2.638969731296688e-09,4.426133461513062,1,0.8995441311962539,5.325677592709315,4.561081026732791e-08
ENSG00000006210.7,7.813224014221366,2.8150962399787987e-09,2.1285415344888605,0,4.813456311085105,2.6849147765962442,4.812130324750083e-08
ENSG00000134504.14,8.548968529453735,2.9115209020352243e-09,2.1168593618642637,0,4.437066008891613,2.3202066470273497,4.934781189890211e-08
ENSG00000178860.8,-10.058642918573277,2.937992409637913e-09,5.228963110851515,1,3.8488614377296066,9.077824548581122,4.93780236913935e-08
ENSG00000156510.13,7.070247795319026,3.0155582291082613e-09,2.0356144860178165,0,2.323491850202989,0.28787736418517257,5.0259303818471024e-08
ENSG00000185101.13,8.314317131426359,3.0768339521120477e-09,2.2669868591684637,0,3.0534307461059016,0.7864438869374379,5.0856759539042115e-08
ENSG00000183091.19,-14.906672155279235,3.5882298676588383e-09,5.061422723072786,1,0.8752809539569221,5.936703677029708,5.882344045342358e-08
ENSG00000234281.5,-14.952319524916648,4.173469771250272e-09,3.9531257828951394,1,0.9102584259682377,4.863384208863377,6.786129709350035e-08
ENSG00000048740.18,-9.490816992929899,4.241473651906486e-09,2.8544516422310817,1,2.53159717050894,5.386048812740022,6.841086535333043e-08
ENSG00000174403.16,-14.397718064552222,4.338700919582699e-09,4.8537644461715335,1,0.8754723998414279,5.729236846012961,6.941921471332319e-08
ENSG00000230798.5,-9.319264422721774,4.377549492147491e-09,3.0877657121588813,1,1.3986865776114632,4.4864522897703445,6.948491257376969e-08
ENSG00000108001.15,-8.004484616037855,6.101026762947882e-09,3.260440278841914,1,2.3870316235833293,5.647471902425243,9.607916162122648e-08
ENSG00000081248.11,-14.040016475219428,6.204931955216175e-09,5.112279350054449,1,0.6152968755319623,5.727576225586411,9.695206180025274e-08
ENSG00000196811.13,-14.4636325272816,6.254940574241335e-09,4.895281747235954,1,0.5608202621846581,5.456102009420611,9.697582285645481e-08
ENSG00000145794.17,-11.722832068553636,6.585172121108618e-09,3.8648672480265587,1,1.5025695644664172,5.367436812492976,1.0131034032474796e-07
ENSG00000272141.1,7.195104727659892,7.323484982225441e-09,2.511863359951634,0,3.1389809244404447,0.6271175644888108,1.118089310263426e-07
ENSG00000079393.20,-14.269678591538351,7.625209557767215e-09,5.048637656599433,1,0.7604279440316849,5.809065600631118,1.155334781479881e-07
ENSG00000162949.16,6.929171102304161,9.140035357444846e-09,2.1677174628464484,0,2.4424006368877564,0.27468317404130815,1.3744414071345633e-07
ENSG00000162069.16,7.294981668277451,9.606451782498955e-09,2.0032136435128134,0,2.489077949634633,0.48586430612181963,1.4337987735073068e-07
ENSG00000070808.16,-13.875540014337052,9.979564459571489e-09,3.922378078178592,1,0.7769312352500432,4.6993093134286354,1.478453994010591e-07
ENSG00000136717.15,-11.104119997910397,1.0423119008863263e-08,3.017149187348706,1,5.698824825676387,8.715974013025093,1.53281161895048e-07
ENSG00000144868.14,-7.4614163284180455,1.077445865500306e-08,1.998739611596465,1,2.463002662044404,4.461742273640869,1.5729136722632205e-07
ENSG00000079385.23,6.709550823546881,1.1686060594652788e-08,1.5485132904287275,0,2.2770650493707216,0.728551758941994,1.6936319702395344e-07
ENSG00000274173.1,7.164906125794573,1.5692949531154678e-08,2.297660122002282,0,2.8235088273569695,0.5258487053546873,2.2579783498064284e-07
ENSG00000111319.13,7.516947523298644,1.8347936239129553e-08,2.909006211956798,0,3.915011741446142,1.006005529489344,2.621133748447079e-07
ENSG00000136883.14,7.535684093244521,1.8674673276339442e-08,2.76486329960364,0,3.926180785656673,1.1613174860530329,2.648889826431127e-07
ENSG00000103067.14,7.809656354227491,2.170360834514074e-08,2.5044318362196725,0,3.4642432619467285,0.9598114257270558,3.0568462457944705e-07
ENSG00000083307.12,6.9357860610982325,2.208221567317836e-08,2.565398283173472,0,3.387755171947902,0.8223568887744303,3.0884217724724983e-07
ENSG00000165188.13,6.535309861524686,2.23109145139334e-08,1.4678281671850575,0,1.6718320656886465,0.20400389850358894,3.0987381269351947e-07
ENSG00000233493.4,7.394736738807075,2.3746041243101562e-08,1.9954173843167016,0,3.001099784251576,1.0056823999348745,3.27531603353125e-07
ENSG00000131037.15,7.858835394112005,2.5732668978155215e-08,2.8731174951273273,0,4.006939380309161,1.133821885181834,3.525023147692495e-07
ENSG00000009709.12,-13.18833261784468,2.6571316324007174e-08,5.502836849188642,1,0.6314687637007351,6.134305612889378,3.615145078096214e-07
ENSG00000149596.7,-12.321016115721209,2.6837422597450272e-08,4.282964827079891,1,1.453909137562025,5.736873964641916,3.626678729385172e-07
ENSG00000174939.11,7.231529857099397,2.751991793218419e-08,2.0612956109292657,0,3.536079125175297,1.4747835142460317,3.693948715729422e-07
ENSG00000130768.15,8.608990312309011,2.946653411546128e-08,2.5386194137413987,0,4.007126427970786,1.4685070142293877,3.928871215394837e-07
ENSG00000128591.16,-9.079165106849896,3.0451812679673775e-08,3.6456230665225187,1,5.096419331380022,8.74204239790254,4.0333526728044736e-07
ENSG00000142273.13,8.366243743142906,3.101243230429384e-08,3.129741208311156,0,4.226321728168533,1.096580519857377,4.0805831979333996e-07
ENSG00000285417.1,6.4317758292458285,3.2810569363851036e-08,2.2501384060304606,0,2.7585264645182157,0.5083880584877549,4.288963315536083e-07
ENSG00000172995.16,-12.693762728365932,3.530918330052507e-08,4.975703565723944,1,0.5229101175544774,5.498613683278422,4.5856082208474116e-07
ENSG00000231764.10,6.433185157822482,3.583938388942119e-08,2.0842682798396286,0,2.5681089560493766,0.48384067620974786,4.6244366308930565e-07
ENSG00000124743.6,-12.906325673784814,3.655731738008152e-08,3.7015793689835856,1,1.4096377259628354,5.111217094946421,4.686835561548912e-07
ENSG00000168081.9,6.411120559567477,3.785692781042425e-08,2.136928501506825,0,2.6742833572509563,0.5373548557441313,4.822538574576337e-07
ENSG00000129170.10,-13.071205352025002,3.8936872463882813e-08,6.61307232975562,1,0.9355720187723825,7.548644348528002,4.928718033402888e-07
ENSG00000162494.6,-13.348767196297151,4.010676814377326e-08,4.316388134541396,1,0.6736312595428787,4.990019394084275,5.044876496072108e-07
ENSG00000167244.21,-7.4233860864605665,4.101908849313345e-08,3.8074130366915244,1,3.2443603269084575,7.051773363599982,5.127386061641682e-07
ENSG00000162951.11,6.68550262014677,5.0761564140706607e-08,2.297010681181666,0,3.4181578589905803,1.1211471778089146,6.305784365305168e-07
ENSG00000175707.9,8.322051379120747,5.1504445168033836e-08,3.0981603402867535,0,3.959699260523498,0.8615389202367447,6.358573477535042e-07
ENSG00000095739.11,7.331208778063419,5.757369609530057e-08,2.0649914768049764,0,5.546142308961486,3.48115083215651,7.064257189607431e-07
ENSG00000177791.12,-10.539430319423948,6.065749235816164e-08,4.738674415445132,1,2.7771446624851674,7.515819077930299,7.397255165629469e-07
ENSG00000135373.13,6.816643133647493,6.842745548562222e-08,2.8810846928841336,0,3.9023200211720694,1.0212353282879358,8.294237028560268e-07
ENSG00000261168.1,-8.711102809502133,7.065958772985058e-08,2.447684391450058,1,1.8482636872977818,4.2959480787478395,8.513203340945853e-07
ENSG00000274310.1,6.219629081545698,7.190717478293343e-08,1.722526931711499,0,1.9646202165789912,0.24209328486749218,8.611637698554902e-07
ENSG00000129451.12,6.222010459836923,7.626027936718037e-08,1.4787873961144895,0,1.7497090434380045,0.270921647323515,9.078604686569092e-07
ENSG00000068615.19,-9.362327583889817,7.830148262740504e-08,2.550511613270985,1,2.252922787345733,4.803434400616718,9.266447648213614e-07
ENSG00000184544.12,-12.841447445965711,8.226209603909474e-08,4.487550649771678,1,0.46561579796779845,4.953166447739476,9.677893651658206e-07
ENSG00000111344.11,7.18452537464515,8.639365467772046e-08,2.011424383136713,0,2.9578500747672187,0.9464256916305059,1.0104521014938065e-06
ENSG00000125618.17,6.932892154309498,8.953085971584163e-08,3.373183017194717,0,4.694226184116244,1.321043166921527,1.0410565083237399e-06
ENSG00000115339.14,6.965858332201933,9.304239847165855e-08,2.1942970725304716,0,3.215091183995828,1.0207941114653565,1.0756346644122375e-06
ENSG00000113361.13,6.664776812095841,9.463614857831493e-08,2.112651456237052,0,2.9796037033629545,0.8669522471259026,1.087771822739252e-06
ENSG00000109846.9,-9.4711303633816,9.531652323220344e-08,3.947445338745342,1,4.126722365816613,8.074167704561955,1.089331694082325e-06
ENSG00000267795.6,6.377446376576124,1.0249140895369405e-07,1.6573764560087363,0,2.1317553941735725,0.47437893816483623,1.1646751017465232e-06
ENSG00000068976.14,-10.811671773352376,1.1562924421976507e-07,4.069047083284099,1,2.1123289794174442,6.181376062701543,1.306545132426724e-06
ENSG00000146904.9,7.624530860386458,1.4701480136796762e-07,2.298510076396746,0,3.243307212189516,0.94479713579277,1.651851700763681e-06
ENSG00000184363.10,7.304201731461819,1.5428118038382427e-07,3.066067788599375,0,3.9060578353355844,0.8399900467362093,1.7238120713276454e-06
ENSG00000101605.13,-11.590927994816353,1.568443063329342e-07,4.666512816387133,1,1.6228563269204612,6.289369143307594,1.7427145148103801e-06
ENSG00000169116.11,-7.689502622429812,1.6443891551609177e-07,3.0900207276000424,1,4.187945468703609,7.277966196303652,1.8170045913380307e-06
ENSG00000275896.6,5.995022636989132,1.6684660132456947e-07,1.7178096768327336,0,1.9059539080295307,0.18814423119679713,1.8334791354348294e-06
ENSG00000163814.8,7.024909364277621,1.8240311640277072e-07,2.226174655648389,0,3.328078149912369,1.10190349426398,1.9934766819974944e-06
ENSG00000158769.18,7.7477924742785484,1.8359280183248004e-07,2.1716295774037553,0,5.623148376062235,3.45151879865848,1.9955739329617393e-06
ENSG00000143434.16,-8.1425615162063,1.8785922268607607e-07,2.282382938763705,1,4.9450952024236265,7.227478141187332,2.0309105155251465e-06
ENSG00000181408.4,-10.279561823355737,2.0255386061985672e-07,3.509408479528241,1,0.7544803353918915,4.263888814920133,2.1711914375206545e-06
ENSG00000163624.6,7.8644111132635794,2.0300639940818118e-07,2.2608952107892337,0,3.745381536630829,1.4844863258415955,2.1711914375206545e-06
ENSG00000105707.14,6.36578634827901,2.1204677346525978e-07,2.519744695249011,0,3.832474074405288,1.312729379156277,2.255816738992125e-06
ENSG00000105048.17,-8.559005910638202,2.1876096636495777e-07,4.673917718282847,1,5.7080500750529355,10.381967793335782,2.3027470143679766e-06
ENSG00000265252.1,-9.949076120145163,2.1839371761651888e-07,3.0072053133819714,1,0.744683941554373,3.7518892549363443,2.3027470143679766e-06
ENSG00000127252.7,-6.141761330244578,2.3882727102153097e-07,1.5873677477628974,1,3.5054984233747106,5.092866171137608,2.5008091206443035e-06
ENSG00000196218.13,-9.861109347964952,2.6287162801128486e-07,4.703753468237131,1,2.416298341964504,7.120051810201635,2.7365509251386427e-06
ENSG00000129354.12,7.705840679669156,2.64077164275879e-07,3.658021272131032,0,5.30866633787041,1.650645065739378,2.7365509251386427e-06
ENSG00000198535.5,5.864070856160787,2.6839845884853e-07,1.9437472419593533,0,2.4159038056615074,0.47215656370215403,2.7669944211188657e-06
ENSG00000106078.19,-9.825460762492423,2.705044826730171e-07,3.029294676593313,1,1.3865267218625448,4.415821398455858,2.7744049504924836e-06
ENSG00000181885.18,7.812500213928808,2.7882401427027483e-07,3.354656455546242,0,4.982346982811332,1.6276905272650894,2.8451430027579065e-06
ENSG00000130701.4,6.433933761197954,2.8869646815659266e-07,2.2328636265334696,0,2.648657879045268,0.4157942525117985,2.9309286107268292e-06
ENSG00000161896.12,-11.165331000240519,3.1345958581731313e-07,3.8986607538867704,1,1.0181463104399093,4.9168070643266795,3.166258442599123e-06
ENSG00000263961.8,5.853265663976597,3.150505234508367e-07,1.9654174354816623,0,2.4053420146192503,0.43992457913758803,3.1663369191038863e-06
ENSG00000233101.10,6.211702283630749,3.2131855792808455e-07,2.3696580489797388,0,3.0830031541963745,0.7133451052166359,3.2131855792808455e-06
ENSG00000140557.12,-9.121985545746233,3.5267812353711294e-07,2.8867399702142453,1,1.6348479036009287,4.521587873815174,3.5092350600707754e-06
ENSG00000113924.12,6.145680997976606,3.751625436918492e-07,1.8928172443767002,0,2.4211587945971593,0.528341550220459,3.7144806306123684e-06
ENSG00000123572.17,-8.266607344097814,4.073677350067366e-07,3.533124386051254,1,1.6872453334699846,5.220369719521239,3.993801323595457e-06
ENSG00000185274.12,-6.421869561050726,4.0570523848151206e-07,2.226884452284002,1,2.5906627352147313,4.817547187498733,3.993801323595457e-06
ENSG00000104413.18,6.578555567072892,4.222349720259639e-07,2.7720240399997307,0,4.408943462952607,1.636919422952876,4.1193655807411115e-06
ENSG00000281406.2,6.334557054291591,4.418234482199586e-07,1.7306998598365975,0,2.525253254086874,0.7945533942502766,4.289548040970472e-06
ENSG00000214872.8,-10.18325305001861,4.5851030097895533e-07,3.546789458614315,1,1.1245179496106665,4.6713074082249815,4.430051217187974e-06
ENSG00000242265.6,-6.924905514058963,4.7194976816319704e-07,2.688059997954338,1,6.4107222264751185,9.098782224429456,4.537978540030741e-06
ENSG00000184058.14,-6.159124049297524,4.850131911315947e-07,2.4803129076668666,1,3.3602132385062795,5.840526146173146,4.641274556283203e-06
ENSG00000163909.8,-7.748012852463186,5.161655325543134e-07,2.3909854980022462,1,4.212842546803992,6.603828044806238,4.915862214802985e-06
ENSG00000172508.10,-8.284298328257746,5.237751289255137e-07,2.577637607745852,1,1.6961107848054358,4.273748392551288,4.941274801184092e-06
ENSG00000257084.1,6.201240786456,5.215220242293941e-07,2.3672419560782934,0,3.0362792514024677,0.6690372953241742,4.941274801184092e-06
ENSG00000199080.1,-11.26005402803578,5.44700480165951e-07,5.877795293467308,1,0.46688462886513377,6.344679922332442,5.1145584992108075e-06
ENSG00000175832.13,6.038623079788737,5.504133624214809e-07,2.040523743258216,0,5.238379706349795,3.1978559630915786,5.144050116088607e-06
ENSG00000225329.3,5.730136188377149,5.694555826102723e-07,1.6525629424573927,0,1.8434531488318235,0.19089020637443097,5.297261233583929e-06
ENSG00000216588.9,5.6684898667218295,5.882864185219227e-07,1.2224273009769686,0,1.5006944281798866,0.278267127202918,5.447096467795581e-06
ENSG00000096696.14,6.009824731407272,6.030444479417928e-07,1.9263092503168,0,5.472347699444036,3.546038449127236,5.558013345085647e-06
ENSG00000226094.1,-12.457914222334761,6.168289321121098e-07,3.8224403900268626,1,0.24327073726793982,4.0657111272948026,5.658981028551466e-06
ENSG00000131771.14,6.065333874307676,6.259492917496111e-07,2.7167894102411783,0,4.381564062635513,1.6647746523943348,5.716431888124303e-06
ENSG00000144227.5,-7.266894251255754,6.430057195948852e-07,2.184958304474928,1,1.1127289513618621,3.29768725583679,5.8455065417716835e-06
ENSG00000160188.10,5.933975716012366,6.514181617212774e-07,1.6096076000371364,0,2.6841416651091383,1.0745340650720019,5.895186983902963e-06
ENSG00000122367.20,-11.044426085090723,6.682110308407572e-07,4.887897755618624,1,1.3045814869402204,6.192479242558845,6.0199191967635785e-06
ENSG00000116748.21,-11.423956401308917,6.72959242572138e-07,4.214829722365645,1,0.39869243360785206,4.613522155973497,6.035508901992269e-06
ENSG00000249577.1,-9.808215544810166,6.817979134783874e-07,3.032786761487992,1,0.7973931110737147,3.8301798725617067,6.087481370342745e-06
ENSG00000156966.7,6.599581680442854,7.100379629944925e-07,1.8105060590907913,0,3.574279992391626,1.7637739333008347,6.311448559951045e-06
ENSG00000134258.17,5.714013381952668,7.686102560779133e-07,2.468641798126674,0,4.124977892769439,1.6563360946427654,6.80186067325587e-06
ENSG00000047457.14,6.017596716821444,7.987231682397619e-07,2.626681803186208,0,3.4222795132952455,0.7955977101090375,7.037208530746801e-06
ENSG00000177459.11,6.502167722026734,8.895270012506584e-07,1.9628284118908357,0,3.0182111082123453,1.0553826963215096,7.802868432023319e-06
ENSG00000155657.28,-11.738030231816257,9.017493284525264e-07,3.664942800173708,1,0.4773328230717861,4.142275623245494,7.875539986484946e-06
ENSG00000280331.1,-10.42499362941771,9.142568529608664e-07,3.239159614499128,1,1.024312085763561,4.263471700262689,7.91564374857893e-06
ENSG00000095932.7,6.0105422054996085,9.13967781195343e-07,2.121763082796958,0,2.9868851479108653,0.8651220651139077,7.91564374857893e-06
ENSG00000204219.11,-7.2006948498016925,9.222103617187209e-07,2.076709426839791,1,4.844830410524846,6.921539837364637,7.950089325161388e-06
ENSG00000107954.10,-8.387682499509468,9.516783223479541e-07,2.648674480956899,1,1.8921152866202036,4.5407897675771025,8.168912638179863e-06
ENSG00000011465.18,-6.391469896832623,9.621584551805305e-07,2.649524269140187,1,5.399424313129785,8.048948582269972,8.207916189248562e-06
ENSG00000124440.16,-5.946716066250136,9.64430152236706e-07,2.097246674134995,1,4.424328520572518,6.521575194707513,8.207916189248562e-06
ENSG00000064300.9,-7.131001272669929,9.888396971646883e-07,3.180650497356571,1,4.797422073015235,7.978072570371806,8.379997433599052e-06
ENSG00000160867.15,-7.343451473876764,1.036037607333232e-06,2.7133155266676763,1,4.691381299685567,7.404696826353243,8.742933395217148e-06
ENSG00000173641.18,-8.400670092025608,1.071284000609809e-06,3.9600552333689083,1,2.523913340605525,6.483968573974433,8.964719670374972e-06
ENSG00000249599.2,5.879508982198872,1.0681420814435158e-06,1.9595613432002654,0,2.419586458115172,0.46002511491490644,8.964719670374972e-06
ENSG00000167614.14,5.478094575695803,1.1122627526448095e-06,1.7235195542941109,0,2.317845202913814,0.594325648619703,9.268856272040079e-06
ENSG00000248635.1,5.573837300545737,1.1288842809585843e-06,1.2289287116368715,0,1.2593590928437408,0.030430381206869375,9.368334281813977e-06
ENSG00000259342.1,5.479319721641223,1.1345317300510911e-06,1.495185920448669,0,1.6965186412467979,0.20133272079812892,9.37629528967844e-06
ENSG00000182916.8,-6.215507229788814,1.152965247816713e-06,2.6608707303658314,1,3.648867235075428,6.3097379654412595,9.489425907956486e-06
ENSG00000185559.16,-6.007745707465244,1.1640616937581422e-06,4.47125248492675,1,4.963571798927023,9.434824283853773,9.541489293099526e-06
ENSG00000111046.4,-11.653108167358564,1.2992984015461065e-06,6.549571109957005,1,0.41475865653545346,6.964329766492458,1.0606517563641685e-05
ENSG00000167755.15,5.464904473241856,1.3397936678340444e-06,1.9416118778299403,0,2.4873694751438005,0.5457575973138602,1.089263144580524e-05
ENSG00000172061.9,5.466980630826545,1.3683356108695686e-06,1.4703865693392286,0,1.6658772717543089,0.19549070241508026,1.107964057384266e-05
ENSG00000122477.13,-10.664504255315498,1.3993207223672092e-06,3.963745749997752,1,1.6943337308971487,5.658079480894901,1.128484453521943e-05
ENSG00000145949.11,-10.809352840040807,1.442231720745209e-06,3.443416910949014,1,1.0103906976059978,4.453807608555012,1.1356155281458339e-05
ENSG00000116191.17,-7.159634250207079,1.4277901928825436e-06,2.336544621158151,1,3.18674390124472,5.523288522402871,1.1356155281458339e-05
ENSG00000198976.1,5.77996252483976,1.4298929333701368e-06,2.0415016049591,0,2.5861213540142205,0.5446197490551207,1.1356155281458339e-05
ENSG00000154310.17,-6.608171159070181,1.4294915966564302e-06,2.0210843143817336,1,2.9148055584081036,4.935889872789837,1.1356155281458339e-05
ENSG00000147257.15,-5.438599009073328,1.4325596360435957e-06,1.9121596510752248,1,6.604175934849369,8.516335585924594,1.1356155281458339e-05
ENSG00000143375.15,6.133077918938663,1.4384208533031874e-06,1.7249658145047744,0,3.9769184669730593,2.251952652468285,1.1356155281458339e-05
ENSG00000138379.5,-9.329635771641792,1.4950491447752088e-06,3.865170957678016,1,0.9646934514000325,4.8298644090780485,1.1725875645295755e-05
ENSG00000130066.16,6.755738697585675,1.526587498107258e-06,2.078505148740307,0,8.401989620265299,6.323484471524992,1.1926464828962953e-05
ENSG00000116299.17,5.399807829622568,1.5613138916258556e-06,1.7114082486573243,0,2.3680368775681937,0.6566286289108694,1.215030265856697e-05
ENSG00000168334.9,-10.513925870058412,1.6353338156074946e-06,4.217854266611038,1,0.4714795254625215,4.689333792073559,1.2677006322538719e-05
ENSG00000167861.16,5.75208820432604,1.6683875762202195e-06,1.496346017759913,0,4.530667591305872,3.034321573545959,1.2883301746874281e-05
ENSG00000166407.14,5.355051024755676,1.7290888784861505e-06,1.1669518859922299,0,1.8432170373556096,0.6762651513633796,1.3300683680662696e-05
ENSG00000285972.1,5.5902055681769385,1.7517177461507523e-06,2.017095278683643,0,2.7217925403076997,0.7046972616240564,1.3423124491576646e-05
ENSG00000135480.16,6.561851806248602,1.8546418384184537e-06,3.457608408443944,0,5.339186400063258,1.8815779916193138,1.4103740216109914e-05
ENSG00000147642.17,5.490973320941089,1.851612939404456e-06,1.8483952164811113,0,2.687620935287138,0.8392257188060265,1.4103740216109914e-05
ENSG00000092054.13,-10.867640919008306,1.912855439896854e-06,6.722901638181126,1,0.6502360152751235,7.37313765345625,1.449132909012768e-05
ENSG00000186007.10,5.936789543407549,1.9331878491714503e-06,2.09762067148476,0,2.9853676360878474,0.8877469646030877,1.459009697487887e-05
ENSG00000170162.14,-8.890861931040178,1.983147899757276e-06,4.4403828993990855,1,0.7892068170889175,5.229589716488003,1.4806510001676771e-05
ENSG00000052344.16,6.963289912897689,1.9768449844623796e-06,3.8611453142738887,0,5.538808618943491,1.677663304669602,1.4806510001676771e-05
ENSG00000231680.1,-7.543578827208974,1.984072340224687e-06,2.4748881945469305,1,1.212125291487795,3.6870134860347252,1.4806510001676771e-05
ENSG00000104783.14,6.1505436748189934,2.013478133344207e-06,2.0562958677721577,0,3.4360164370561486,1.379720569283991,1.4970097645681838e-05
ENSG00000104879.5,-9.131674940114623,2.0579893875546988e-06,7.720177610511563,1,2.388371707946907,10.10854931845847,1.5244365833738511e-05
ENSG00000183421.12,6.818471387487215,2.0659246337537694e-06,2.142769380959219,0,3.9559745893480858,1.8132052083888663,1.5246676263865456e-05
ENSG00000133454.16,-8.550126178050862,2.1101025070994267e-06,3.3411974277929963,1,0.747855406313175,4.089052834106171,1.5515459611025196e-05
ENSG00000160183.17,5.622384487674086,2.1653999546504854e-06,1.8103674652325192,0,2.6279317913205884,0.8175643260880692,1.586373593150539e-05
ENSG00000204140.10,5.327560271404567,2.264938573685783e-06,1.1105554537686841,0,1.242725608567037,0.13217015479835298,1.653239834807141e-05
ENSG00000198597.9,-7.220596279203631,2.2777832388882394e-06,2.2225313140431435,1,1.025065053291342,3.2475963673344856,1.6565696282823558e-05
ENSG00000262406.3,5.375385236995534,2.3134895122191097e-06,1.6036382821988893,0,2.072101436462568,0.4684631542636786,1.676441675521094e-05
ENSG00000175928.6,-7.428609914116631,2.395423116716245e-06,3.5907389554731757,1,3.5860702360366994,7.176809191509875,1.7295473766904295e-05
ENSG00000170681.7,-9.16172037082107,2.417263389107993e-06,2.997227486759108,1,2.1807115223491387,5.177939009108247,1.732805296851608e-05
ENSG00000169035.12,5.726584704454787,2.4155291285817115e-06,1.568362274923658,0,1.9364639652326312,0.368101690308973,1.732805296851608e-05
ENSG00000134121.10,5.444815474258395,2.4472063855062625e-06,1.5332200934962434,0,1.8190015100177312,0.28578141652148775,1.748004561075902e-05
ENSG00000120729.10,-10.088487265655951,2.4790547757465194e-06,4.901562290415997,1,0.48519598848014445,5.386758278896141,1.7644517976843555e-05
ENSG00000166257.9,-8.55619343420779,2.520502210757041e-06,2.799914750412982,1,0.9584715940930103,3.7583863445059924,1.7875902203950644e-05
ENSG00000137648.19,5.857483205660808,2.6668607519397753e-06,2.203300984507074,0,2.8809468537132226,0.6776458692061484,1.8847072451871204e-05
ENSG00000175093.5,-7.209819563660459,2.678574568475737e-06,2.222975689669753,1,2.47367497341395,4.696650663083703,1.886320118644885e-05
ENSG00000101210.13,-6.339097696088816,2.736562038167985e-06,3.5292387476293343,1,2.9416262008156493,6.470864948444984,1.9070118732877946e-05
ENSG00000174407.13,-11.005576291275823,2.72469158136085e-06,3.4540186438693157,1,0.15724443333877258,3.611263077208088,1.9070118732877946e-05
ENSG00000132688.11,-7.548553137979742,2.7298974056038876e-06,3.222584859829168,1,6.616617946911881,9.83920280674105,1.9070118732877946e-05
ENSG00000160862.13,5.2389637712872545,2.7859669631370844e-06,1.2551779922579145,0,1.4573887872599716,0.20221079500205713,1.9284395641019146e-05
ENSG00000237988.5,5.253450038915718,2.7865951701272665e-06,1.1981511126606201,0,1.3429788607110524,0.1448277480504323,1.9284395641019146e-05
ENSG00000262179.3,-8.982652811329542,2.84646009334551e-06,4.375082204838584,1,1.5139902998843418,5.889072504722926,1.947977233124317e-05
ENSG00000143847.15,-7.789002322563939,2.849421641275107e-06,2.758819121121142,1,2.636891842030066,5.395710963151208,1.947977233124317e-05
ENSG00000087085.16,-7.612434292819285,2.8537866465271244e-06,2.745432944978961,1,2.3346572563977297,5.080090201376691,1.947977233124317e-05
ENSG00000230118.1,5.272109575122061,2.83647280067752e-06,1.1444051135661666,0,1.1870895973332578,0.04268448376709131,1.947977233124317e-05
ENSG00000105880.7,5.459634512988638,2.951683306093898e-06,2.5525096511153995,0,6.081149696690603,3.5286400455752034,2.0079478272747607e-05
ENSG00000005981.13,-9.1737393592727,3.0493194724179054e-06,3.2932911098431097,1,0.5854396546277911,3.878730764470901,2.067335235537563e-05
ENSG00000167183.3,6.326078186356013,3.1017576876711915e-06,3.0703855999907494,0,4.2001620070445345,1.1297764070537848,2.0957822213994537e-05
ENSG00000105523.3,5.545547030580696,3.2762296738643074e-06,1.453427081857063,0,2.1347868642799774,0.6813597824229144,2.2062152685954934e-05
ENSG00000078814.17,-9.92776718018343,3.337760282718139e-06,5.550070659674469,1,1.404829422000071,6.954900081674539,2.240107572294053e-05
ENSG00000181617.6,5.1764881175493045,3.4116027103518913e-06,2.228366779047156,0,2.701219317578445,0.4728525385312891,2.2820085019076196e-05
ENSG00000102109.9,5.991035444719197,3.491981783308071e-06,2.4448899167115146,0,6.306635234182257,3.861745317470742,2.3279878555387137e-05
ENSG00000134917.10,-8.533727877850152,3.628411600650701e-06,3.115484902492798,1,1.4919436050094965,4.607428507502295,2.4029215898349013e-05
ENSG00000172201.12,6.977015051418676,3.617047214280895e-06,2.2204457895195144,0,5.3873965009005325,3.166950711381018,2.4029215898349013e-05
ENSG00000164379.7,5.691509246059293,3.6487450577059814e-06,2.11532301936039,0,3.3777870658044713,1.2624640464440815,2.4084125793438822e-05
ENSG00000110680.13,5.179198661198703,3.6907554710794723e-06,1.823247705875561,0,2.0667718680721974,0.2435241621966363,2.4281285993943897e-05
ENSG00000183691.6,-5.754350398301162,3.7034558638459e-06,1.685509538476866,1,2.789107213679151,4.474616752156017,2.428495648423541e-05
ENSG00000153012.12,-6.9676919775733746,4.00056599558113e-06,2.2854844618489296,1,3.137297616336395,5.422782078185325,2.6147490167196927e-05
ENSG00000172403.11,-7.387559111067536,4.24144995091303e-06,2.4482261857174157,1,1.8470219544338704,4.295248140151286,2.763159577142039e-05
ENSG00000124253.11,5.094382319064835,4.444282087996676e-06,1.6133735019593833,0,1.9629183534121495,0.34954485145276615,2.8858974597381013e-05
ENSG00000160307.10,5.590742780637665,4.512428465302724e-06,1.7644842656472854,0,2.607503540020509,0.8430192743732238,2.9206656733350964e-05
ENSG00000163380.16,-9.56555918863928,4.560244779791108e-06,4.992575286943001,1,0.6918375862593557,5.684412873202357,2.932633298901034e-05
ENSG00000118898.16,6.180499286817626,4.548302447435986e-06,1.9975052395631652,0,4.130576168720886,2.1330709291577206,2.932633298901034e-05
ENSG00000053438.11,-7.489888942394515,4.881069292874226e-06,6.1979328384558094,1,2.4018840995428348,8.599816937998645,3.1288905723552726e-05
ENSG00000072954.7,-8.127707551715812,4.975381606845212e-06,3.0390826272000497,1,4.247029673491033,7.286112300691083,3.179157576258922e-05
ENSG00000149418.11,5.969859437562913,5.082494451151611e-06,2.4902788894719157,0,6.254005847017716,3.7637269575458,3.237257612198478e-05
ENSG00000049283.18,5.679719073482645,5.151388672099743e-06,1.7149057783424666,0,2.580292612154921,0.8653868338124544,3.260372577278318e-05
ENSG00000275410.5,5.052369117140569,5.138236215673058e-06,1.5843937745721928,0,1.9398385534342626,0.3554447788620698,3.260372577278318e-05
ENSG00000119938.9,-7.4888978938410125,5.194699120409251e-06,3.2856679712163523,1,3.372443845030284,6.658111816246636,3.277412694264512e-05
ENSG00000086967.10,-8.3016692549042,5.422285039716991e-06,5.070801251445512,1,1.8838565968210081,6.95465784826652,3.410242163344019e-05
ENSG00000169181.13,-7.901109504041715,5.540211051970796e-06,2.7799754260086713,1,1.0352874963818792,3.8152629223905503,3.460165621310122e-05
ENSG00000154639.19,7.018887530993097,5.553565822202746e-06,2.5424402847056378,0,4.684694047578553,2.1422537628729152,3.460165621310122e-05
ENSG00000169469.9,5.037171190649668,5.54267504549707e-06,1.4842260605752258,0,1.7531269601066726,0.26890089953144686,3.460165621310122e-05
ENSG00000136842.14,-6.871494238708532,5.60335522322252e-06,2.4829317054983155,1,1.9846298984154174,4.467561603913733,3.480344859144422e-05
ENSG00000130433.7,-7.0242546048745185,5.736859599891461e-06,3.7755201877841085,1,1.8469629062033206,5.622483093987429,3.552235046372422e-05
ENSG00000052850.8,-7.428880633451809,5.857955078542806e-06,3.4075620692377697,1,1.7714900816267622,5.179052150864532,3.6160216534214854e-05
ENSG00000141934.10,5.893069726400129,6.7160601346532254e-06,2.226138313840702,0,3.474313003332037,1.2481746894913348,4.1329600828635234e-05
ENSG00000162896.6,4.99923739198577,6.749469945241762e-06,2.053082700552647,0,2.4621521922307643,0.40906949167811757,4.1407791075102836e-05
ENSG00000229380.1,-7.203385470746903,6.822169170326296e-06,2.452344247834142,1,0.9968545961701629,3.449198844004305,4.172580532309661e-05
ENSG00000174567.8,5.589051364855419,7.005602573963336e-06,1.778107075321532,0,3.365773981857535,1.5876669065360032,4.2717088865630096e-05
ENSG00000166145.14,7.178204792383765,7.1764770812248525e-06,3.14029082954198,0,6.618501723471073,3.4782108939290928,4.3626000493768104e-05
ENSG00000178821.13,-7.028384909974169,7.3234639513249714e-06,2.598138898292601,1,2.768727630484655,5.366866528777256,4.4384630008030134e-05
ENSG00000144771.8,-8.995652667118646,7.377749880400235e-06,5.074741579776858,1,0.5868612070187339,5.661602786795592,4.45785491262854e-05
ENSG00000163435.16,6.273740564707487,7.64210220454897e-06,3.0170903532694267,0,4.466483282308032,1.4493929290386058,4.603676026836729e-05
ENSG00000143217.9,6.03585871804344,7.935907859414879e-06,2.5737509933062883,0,3.585877530984107,1.0121265376778186,4.766311026675603e-05
ENSG00000166589.13,4.967063886507074,7.974485412936484e-06,1.7173389771755712,0,2.1073565494425264,0.39001757226695516,4.775140965830229e-05
ENSG00000149294.17,-6.391309207387623,8.362423505433902e-06,2.6399628010675955,1,3.1286825307550186,5.768645331822614,4.9924916450351654e-05
ENSG00000073282.14,-7.084418076461571,8.430682086275697e-06,2.595358269862842,1,1.1706662981463687,3.7660245680092106,5.013973121505124e-05
ENSG00000176532.4,6.117829812683543,8.454007943813336e-06,2.4339329040653763,0,4.057852909315187,1.6239200052498108,5.013973121505124e-05
ENSG00000037965.6,-6.2677933294959995,8.47361457534366e-06,2.3846413740638193,1,1.6749132643368974,4.059554638400717,5.013973121505124e-05
ENSG00000108244.17,5.862150388824567,8.608177912719296e-06,2.551342885445344,0,3.286442465838245,0.7350995803929007,5.078571039952387e-05
ENSG00000117472.10,5.756050955686157,8.650550110600576e-06,2.908563300466552,0,4.8594987077519445,1.9509354072853924,5.088558888588574e-05
ENSG00000185028.4,-8.84598988752544,9.355417113756974e-06,4.030312670544445,1,0.9377197237175823,4.9680323942620275,5.487048160561275e-05
ENSG00000198125.13,-8.092589635603401,9.92723738725359e-06,4.858616998753787,1,2.0554555983701,6.914072597123887,5.8054019808500526e-05
ENSG00000137699.17,5.564693039808217,1.0320536986029255e-05,1.7527174859172718,0,2.6351414613236677,0.8824239754063959,6.017805822757583e-05
ENSG00000175946.8,-8.852886739002813,1.0356552927506133e-05,3.61762379305739,1,0.5998350914879027,4.217458884545293,6.018069512582962e-05
ENSG00000211829.9,4.8588874403169795,1.038116990920561e-05,1.3840943718887424,0,1.847059768982767,0.4629653970940246,6.018069512582962e-05
ENSG00000105855.10,5.3077953854976885,1.0420931552217143e-05,1.5202849621985468,0,2.9160936784679685,1.3958087162694217,6.023659856772915e-05
ENSG00000280323.1,-8.70254461354477,1.0473016228370438e-05,3.7976077672914954,1,0.4359713189913217,4.233579086282817,6.036320592720714e-05
ENSG00000184731.6,5.280222554281942,1.0707894761435597e-05,1.4544991998889816,0,3.210024196638529,1.7555249967495472,6.153962506572182e-05
ENSG00000177354.12,-8.912027626609275,1.0945167075777534e-05,3.382255410266139,1,0.3749694152562008,3.7572248255223397,6.27230204915618e-05
ENSG00000070182.21,-8.762691106699117,1.1727459203048157e-05,3.468261532100727,1,0.9343296048451651,4.402591136945892,6.701405258884661e-05
ENSG00000179178.11,6.227352052365924,1.2316233203614428e-05,2.4549594608546865,0,3.854004664066855,1.3990452032121685,7.017796697216199e-05
ENSG00000167608.12,6.416955381005439,1.24882360670547e-05,2.790156549221421,0,4.755137881245516,1.9649813320240952,7.095588674462898e-05
ENSG00000198756.12,-6.908496364197821,1.2557974212492646e-05,2.6736124834540096,1,2.1200663897166567,4.793678873170666,7.114999553820196e-05
ENSG00000173991.6,-8.056110972364536,1.26728262482132e-05,4.294152744157257,1,2.6624547477474687,6.956607491904726,7.139620421528564e-05
ENSG00000283428.1,-9.129581779542423,1.2652703933279231e-05,3.4597146411034525,1,0.1900416175046921,3.6497562586081447,7.139620421528564e-05
ENSG00000162975.5,-6.535609966582049,1.3115050218209918e-05,2.366288018489969,1,2.435375198244183,4.801663216734152,7.3664523889533e-05
ENSG00000277639.2,5.3730987411891125,1.314911751428164e-05,1.9207660785736163,0,3.052438095702103,1.1316720171284869,7.3664523889533e-05
ENSG00000124762.14,-6.67553460060153,1.3206531968665087e-05,2.5258374947641693,1,6.23502484569453,8.760862340458699,7.37795082048329e-05
ENSG00000147676.14,6.251056490753023,1.349362520122867e-05,3.28073697472527,0,5.429247942547966,2.148510967822696,7.517339944974189e-05
ENSG00000206075.14,5.028385972209755,1.3549492706681796e-05,1.3677902764608425,0,1.6096152297105188,0.2418249532496763,7.527495948156554e-05
ENSG00000167880.8,5.670264548366587,1.3727744263229821e-05,2.301732904097789,0,3.2685612244374904,0.9668283203397015,7.605398483783835e-05
ENSG00000166482.12,-5.126622199488157,1.3824362521848156e-05,1.952283892241434,1,7.855578102708769,9.807861994950203,7.63776934908738e-05
ENSG00000176887.7,-5.039284658650037,1.414467149561529e-05,2.1742208641561116,1,3.0741099201779973,5.248330784334109,7.793207435600711e-05
ENSG00000002726.21,4.950020414042481,1.4278071618216148e-05,1.9945449622007105,0,2.790289477884771,0.7957445156840603,7.845094295723158e-05
ENSG00000132470.14,5.434290938902565,1.4542047448052944e-05,2.0349079989182335,0,4.280443329453978,2.2455353305357444,7.968245177015312e-05
ENSG00000203280.4,-8.187383763754381,1.5070629226198423e-05,3.0561777129718584,1,0.6635513082466414,3.7197290212185,8.212876962505952e-05
ENSG00000197635.11,5.082015026123976,1.504102894403076e-05,1.5111991742863835,0,2.167702576712899,0.6565034024265156,8.212876962505952e-05
ENSG00000165215.6,6.581441120798784,1.534471943995307e-05,3.7944466247428594,0,6.931870265843714,3.1374236411008547,8.339521434757103e-05
ENSG00000134363.12,-5.403694670281479,1.5408574425610785e-05,2.051462381160536,1,4.000365254923215,6.051827636083751,8.351530853989585e-05
ENSG00000134215.16,5.521399122243215,1.5452143222279645e-05,1.970588316357364,0,3.925208531309238,1.9546202149518739,8.352509849880889e-05
ENSG00000004776.13,-6.016951009444773,1.621474877256884e-05,2.882348783449591,1,3.9681813864169904,6.850530169866581,8.717606866972494e-05
ENSG00000187416.12,4.768054441540236,1.620827232265521e-05,1.0223146711597537,0,1.096308466160094,0.07399379500034017,8.717606866972494e-05
ENSG00000165949.12,4.9554766643313,1.6752724072335464e-05,2.2129234173249053,0,6.612326422573865,4.39940300524896,8.982693872565933e-05
ENSG00000254024.1,4.768374862802763,1.7134554252445906e-05,1.3918317652049912,0,1.7963680205131034,0.40453625530811227,9.16286323660209e-05
ENSG00000164825.4,5.466346810992938,1.734196067631894e-05,2.775661605199304,0,4.0447899956934945,1.2691283904941906,9.24904569403677e-05
ENSG00000240990.10,4.889414160064746,1.7783170217354947e-05,1.2313377742696292,0,2.1734614103133483,0.942123636043719,9.459133094337737e-05
ENSG00000196569.13,-6.146874430884196,1.8030441253910806e-05,2.5538136900470896,1,2.7523281467646257,5.306141836811715,9.565220824355865e-05
ENSG00000100557.10,4.721810444099893,1.8470103587223954e-05,1.0926134629436475,0,1.178475675697204,0.08586221275355634,9.772541580541776e-05
ENSG00000262198.1,4.8555612039224805,1.9501290340674668e-05,1.5840275802777803,0,2.4631621909540615,0.8791346106762812,0.00010290918385580299
ENSG00000153822.14,4.679897383893102,1.9604058177801885e-05,1.3437694026005433,0,1.6209793840730695,0.2772099814725262,0.00010317925356737834
ENSG00000170745.12,-6.2573329668268896,2.0407472695355714e-05,2.139237391540426,1,3.14892579844471,5.288163189985136,0.00010712584092050244
ENSG00000125999.11,4.68922440459156,2.1030519403177027e-05,1.3507627432859124,0,1.4973683582261152,0.14660561494020274,0.00011010743143024622
ENSG00000198910.14,5.134162042507651,2.1268259472618488e-05,1.9164384618890857,0,3.866687234789387,1.950248772900301,0.00011106140716772056
ENSG00000105388.16,4.657805878385776,2.1399445980373762e-05,1.093054943826162,0,1.2134527434475002,0.12039779962133812,0.00011145544781444667
ENSG00000168743.13,-5.592350267118598,2.1703763009990627e-05,1.8602761552492648,1,3.627974571485872,5.488250726735137,0.00011274682083112014
ENSG00000237412.7,-5.482439797602612,2.2039827585744932e-05,2.2205137305754645,1,1.4935337108869629,3.7140474414624274,0.00011419599785360069
ENSG00000164122.9,-8.027222786928396,2.2284821680288126e-05,4.555310294903084,1,0.5005330320318495,5.055843326934933,0.00011487021484684602
ENSG00000070601.10,-7.311403927521199,2.2249938301838648e-05,3.0752988227592626,1,0.9592022854385479,4.03450110819781,0.00011487021484684602
ENSG00000152137.8,-5.7353386468864125,2.35391064925493e-05,2.0816590167402267,1,3.1079220222538235,5.18958103899405,0.00012102368376632031
ENSG00000105519.18,5.277672504471796,2.3765372782319628e-05,2.1032129696625743,0,4.975184524944106,2.8719715552815313,0.0001218737065759981
ENSG00000147256.12,-6.653932936806675,2.463730021293597e-05,3.458722746012584,1,1.0140515597913495,4.4727743058039335,0.00012602199597409704
ENSG00000254586.2,-7.810966512070606,2.5005024529787142e-05,3.183672188198061,1,0.25807053076887665,3.441742718966938,0.0001269290585268383
ENSG00000197249.14,5.336356331173123,2.4900274245487155e-05,2.4926196118307082,0,4.829643493134723,2.337023881304015,0.0001269290585268383
ENSG00000086289.12,-5.648241624463006,2.495509149104685e-05,1.762368868094601,1,4.045632221231593,5.808001089326194,0.0001269290585268383
ENSG00000101680.15,5.254906214832601,2.6461385293326316e-05,1.731749618921563,0,3.0473663058271723,1.3156166869056092,0.00013398169768772818
ENSG00000172179.12,-6.7931452204605565,2.7116071726431234e-05,3.9596552777689675,1,1.7030486576873747,5.662703935456342,0.00013660489534726063
ENSG00000164930.12,5.259793751615629,2.708643936987824e-05,1.7505457449508524,0,4.303888180271833,2.5533424353209804,0.00013660489534726063
ENSG00000165905.18,6.133614754805691,2.7564467996895305e-05,2.4662237812268435,0,4.706639434895842,2.2404156536689985,0.00013851491455726283
ENSG00000138772.13,5.313609117797179,2.7885169287460086e-05,1.7188219394891742,0,3.5620735197380498,1.8432515802488756,0.00013977528464892273
ENSG00000204385.13,5.5890944332729156,2.9061969125486707e-05,2.210958759894037,0,4.225533121209101,2.014574361315064,0.00014530984562743354
ENSG00000147166.11,-7.759234536117131,2.9165362183470135e-05,3.3150568242684857,1,1.4197315861561144,4.7347884104246,0.00014546315303476376
ENSG00000101335.10,-4.677798077724099,2.9533581790836417e-05,1.2302495913536413,1,7.60197538293736,8.832224974291002,0.00014693324274047968
ENSG00000069188.17,-6.229137158090085,2.9984218464849173e-05,2.222822589478682,1,2.5972437150120595,4.820066304490742,0.00014880505441612494
ENSG00000169436.17,-5.272943195400995,3.036736924763503e-05,2.3821123071536827,1,2.571177533150806,4.953289840304489,0.0001503335111269061
ENSG00000109321.11,4.712729233995507,3.0516005940096116e-05,1.5724433678685135,0,2.4346320489358435,0.86218868106733,0.00015069632563010426
ENSG00000111859.17,5.493099946064754,3.083958497749471e-05,1.8359386034976315,0,4.047471902869867,2.211533299372235,0.00015191913782017097
ENSG00000243566.7,4.78985881515544,3.094519322048046e-05,1.5622041850711887,0,2.244405151528284,0.6822009664570954,0.0001520648315502725
ENSG00000216921.9,-6.357560177913425,3.137445698464374e-05,2.5422546416542833,1,1.381274599525957,3.9235292411802405,0.00015379635776786144
ENSG00000139055.7,5.335423639237328,3.165058948357205e-05,2.1525215551293186,0,3.4819298907465352,1.3294083356172164,0.0001547706087216237
ENSG00000138821.13,5.07167054989348,3.183246370111855e-05,1.4662284285311014,0,4.060138481886344,2.593910053355243,0.00015528031073716367
ENSG00000115461.5,-4.9682173628425,3.2026308069758276e-05,1.541475099172585,1,8.674836596046058,10.216311695218643,0.00015584578136135417
ENSG00000250451.5,-5.436294204353218,3.2593597458535524e-05,1.8697519955019777,1,1.4323591832800266,3.3021111787820043,0.00015822134688609477
ENSG00000236824.2,-4.6643628083515365,3.281773197970537e-05,1.3837304290807646,1,4.619591866217874,6.003322295298639,0.00015892364154821006
ENSG00000109205.16,4.561585012349466,3.3120905809289305e-05,1.3219962064889896,0,1.4700354290661906,0.14803922257720098,0.0001600043758902865
ENSG00000234745.12,5.443432970609676,3.327731644516121e-05,1.7316016880881753,0,9.68620812745187,7.954606439363695,0.00016037260937427092
ENSG00000188747.8,5.278481805945286,3.3648327207345854e-05,1.6299277987822882,0,4.460206818667328,2.83027901988504,0.00016177080388147044
ENSG00000164120.14,4.76756962279259,3.45932926205356e-05,1.7125771630438296,0,2.3089950027807515,0.596417839736922,0.00016591507252055443
ENSG00000171234.14,4.594039347202767,3.536574424035354e-05,1.6468348367846493,0,2.2312608510684377,0.5844260142837885,0.00016921408727441886
ENSG00000119411.11,5.156733587914734,3.555282105304307e-05,1.872754162988605,0,3.1771535692720776,1.3043994062834725,0.00016970320311715067
ENSG00000203685.10,-6.107607832187367,3.6141705489273796e-05,2.317358041239964,1,2.258681147582685,4.576039188822649,0.00017210335947273237
ENSG00000104369.5,-6.50328859737638,3.6379856132848424e-05,2.6733788759115407,1,2.412846441046644,5.086225316958185,0.00017282591987101387
ENSG00000189143.9,6.1733485797273495,3.694260682110909e-05,3.731675228849863,0,6.26837141436899,2.536696185519127,0.0001750834446498061
ENSG00000017483.15,-4.981796391978124,3.880574365510768e-05,1.7019535604882305,1,2.7150140355657566,4.416967596053987,0.00018347869340476445
ENSG00000156689.7,4.509356541847563,3.974956597295358e-05,1.5532311607058644,0,1.9451347256960438,0.39190356499017953,0.00018749795270261123
ENSG00000138136.6,-5.560099708771444,4.4441861731550046e-05,2.634719348309724,1,1.3134365089486373,3.9481558572583615,0.0002086472381762913
ENSG00000162878.13,-4.477649417384791,4.437142321047735e-05,1.1721319690183165,1,5.67816357133209,6.850295540350406,0.0002086472381762913
ENSG00000121769.8,-5.9630830248441224,4.471783723782401e-05,2.838795586059593,1,5.1978422549369725,8.036637840996566,0.00020945122828020616
ENSG00000055118.16,-5.45243820268446,4.6358039712033974e-05,1.9272657264755746,1,3.9829598082293196,5.910225534704894,0.00021662635379455125
ENSG00000152611.12,4.7044334118276865,4.6981683848428666e-05,1.6472700081263412,0,2.308118022053567,0.6608480139272257,0.00021902882913020356
ENSG00000125872.8,4.523652755011397,4.720325931456096e-05,1.1522217123768672,0,1.7143734333422973,0.5621517209654301,0.00021955004332353936
ENSG00000185499.16,5.842007681420204,4.759626903931435e-05,2.9180328582912187,0,5.472861180900722,2.554828322609503,0.00022086435749101786
ENSG00000005001.10,5.133195240533176,4.7904530051374124e-05,2.203513528158827,0,3.185345615831879,0.9818320876730522,0.00022178023171932464
ENSG00000213085.10,4.493996610126785,4.879561831917316e-05,1.1344073578684952,0,1.9577499591645815,0.8233426012960862,0.00022538391833336333
ENSG00000101892.12,-7.557663472410992,5.081257441496118e-05,4.514897187594058,1,0.29203612487233027,4.806933312466389,0.00023351407670737275
ENSG00000132698.15,5.4422888220385435,5.0906068722207256e-05,3.38116939804682,0,5.703713853977956,2.3225444559311366,0.00023351407670737275
ENSG00000100918.13,5.258217070292081,5.086582149732718e-05,2.303198860522925,0,5.715163102693968,3.4119642421710434,0.00023351407670737275
ENSG00000115844.11,4.844582275146161,5.1479247860214205e-05,2.08415235919966,0,2.789025306621623,0.7048729474219632,0.0002356029650353053
ENSG00000121297.8,-6.0700308793578515,5.3222259381827906e-05,2.9712678723459454,1,2.5034364447742044,5.47470431712015,0.00024302401544213655
ENSG00000183631.5,-7.43054355483339,5.469511125311439e-05,3.9775983605054197,1,0.479185736315336,4.456784096820756,0.000249180461289815
ENSG00000286056.1,-6.684016905506346,5.592322100119509e-05,2.890848970059533,1,0.633774023228009,3.524622993287542,0.00025419645909634134
ENSG00000105699.16,6.267885062851188,5.6843785650422646e-05,3.246526314852376,0,7.1971782172969485,3.9506519024445725,0.00025779494626042016
ENSG00000099812.9,5.318056094634071,5.7420940593619386e-05,2.3390088674646234,0,4.135836289889611,1.796827422424988,0.0002598232606046126
ENSG00000167741.11,4.839955322893552,5.81034056832622e-05,1.703776805898169,0,2.487742850565024,0.783966044666855,0.00026205220407977866
ENSG00000227507.3,4.930324752938494,5.8175589305710856e-05,1.6744920678212594,0,3.3372080304840566,1.6627159626627972,0.00026205220407977866
ENSG00000224940.9,-6.1491366712491144,5.888667511789246e-05,2.614051763783003,1,1.9099964813044181,4.524048245087421,0.00026465921401299986
ENSG00000180806.5,-4.7328505700688055,6.13615513854946e-05,2.0461716343975285,1,2.5411246737508772,4.587296308148406,0.00027487602324143435
ENSG00000184925.12,4.477068702797028,6.143479119446058e-05,1.2336637316996633,0,2.2810309341408117,1.0473672024411484,0.00027487602324143435
ENSG00000189377.9,4.611695421772886,6.164003395847831e-05,2.1524588113075156,0,2.7629636217977445,0.610504810490229,0.000275178723028921
ENSG00000162881.6,-4.618511081832093,6.326324524221974e-05,1.524143729140118,1,2.861021406950693,4.385165136090811,0.00028179619261567814
ENSG00000077009.13,-7.101155636311637,6.489217816330682e-05,5.036787148456359,1,0.692998876815705,5.729786025272063,0.0002882998444110353
ENSG00000108679.13,4.929156014239429,6.501161491468845e-05,1.5495884602091925,0,9.309948585728838,7.760360125519646,0.0002882998444110353
ENSG00000224817.2,4.319779579281027,6.700277080069635e-05,1.1385340264009518,0,1.3432673413657428,0.20473331496479094,0.00029647243717122277
ENSG00000147606.9,4.317019064367295,6.800159353039389e-05,1.4058348891223114,0,2.148478233103259,0.7426433439809474,0.00030022778600615407
ENSG00000248801.7,4.327388275521365,6.87184654213156e-05,1.1346893184263984,0,1.4622484438857892,0.3275591254593909,0.00030272451727451807
ENSG00000100079.7,4.397213969432215,6.908794675731347e-05,1.3047433277156235,0,2.5468443143135295,1.242100986597906,0.0003036832824497296
ENSG00000166165.13,-4.93084977126976,7.143693834607551e-05,1.5039749745296263,1,8.06005352501092,9.564028499540546,0.00031331990502664694
ENSG00000133878.9,-5.693156414528505,7.338854713633926e-05,2.5006184851741295,1,2.0615605165879742,4.562179001762104,0.0003211752609905438
ENSG00000170624.13,-5.4749187514527335,7.38847296136332e-05,1.8841507248727978,1,2.9063377996279276,4.790488524500725,0.0003226407406708873
ENSG00000211825.1,4.3411194862476705,7.487018848562224e-05,1.0809665086462985,0,1.0809665086462985,0.0,0.00032623175810728643
ENSG00000186439.14,-6.960544101046177,7.737665111993652e-05,3.446580420012619,1,0.40051694023833884,3.8470973602509577,0.00033569046039018017
ENSG00000167549.18,-6.530326809783821,7.730415623507614e-05,2.965692103776669,1,1.9302517143949984,4.895943818171667,0.00033569046039018017
ENSG00000280623.1,4.292000874349943,7.869835474233354e-05,1.0013057870008781,0,1.1638303662587834,0.1625245792579054,0.00034068551836508027
ENSG00000111049.4,-7.159394498640179,7.988371801187902e-05,5.886705745395867,1,0.28400874387530506,6.170714489271172,0.0003443263707408578
ENSG00000120068.7,5.025805805477563,7.98657384024316e-05,2.9858035910340806,0,4.691308875058554,1.7055052840244733,0.0003443263707408578
ENSG00000259120.3,4.35081570344503,8.017555473351666e-05,1.4447789796782353,0,2.0060521482249345,0.5612731685466991,0.00034484109562802864
ENSG00000168032.10,4.621402746218796,8.11806822026199e-05,1.5607534200973463,0,2.4781985638707695,0.9174451437734231,0.0003484149450756219
ENSG00000268496.1,4.256031106052804,8.186698259680175e-05,0.9776676334966514,0,1.2730707353422483,0.29540310184559687,0.0003506080625130696
ENSG00000090539.15,-5.500480121216584,8.289091661932589e-05,1.9891719521900888,1,2.4702247743726446,4.4593967265627334,0.0003542346864073756
ENSG00000125355.16,-6.086331788553727,8.508315174846873e-05,2.468001216888315,1,1.266761193330061,3.734762410218376,0.00036282793922587944
ENSG00000183036.11,4.427268742234722,8.796337187933075e-05,1.9500480991421356,0,4.007982484635639,2.0579343854935037,0.00037431222076310963
ENSG00000179292.5,4.231191306818031,8.876435490858163e-05,0.9430790359729939,0,1.3148160626655228,0.37173702669252884,0.00037691870449503876
ENSG00000161055.4,4.63723603875204,8.958811518954975e-05,1.893955737793727,0,3.1422332328995655,1.2482774951058384,0.0003788080980530645
ENSG00000282651.2,4.229633484081749,8.940703130424315e-05,1.2853462740884654,0,1.5542917082730856,0.2689454341846203,0.0003788080980530645
ENSG00000240241.5,4.280465876258133,9.01844455817413e-05,0.9774383760325631,0,0.9991657579365208,0.021727381903957677,0.00038052508684279033
ENSG00000005513.10,-5.766238157046573,9.25459985705468e-05,3.4177203685974957,1,1.724386940059053,5.1421073086565485,0.0003895994733393618
ENSG00000275620.1,-6.058781990752811,9.27246746547681e-05,2.581536533807993,1,1.1667788470485403,3.7483153808565337,0.0003895994733393618
ENSG00000151892.15,-4.49231914755502,9.436191203281554e-05,2.1428020790375286,1,3.5276144420004525,5.670416521037981,0.0003956474299069834
ENSG00000092068.20,4.571088272930813,9.510954138544887e-05,1.343870013008066,0,5.329563297960872,3.985693284952806,0.0003971170830290141
ENSG00000103485.19,-4.288576468733811,9.498742520065845e-05,1.1046767082612687,1,6.36117750530412,7.465854213565389,0.0003971170830290141
ENSG00000131730.16,-6.426975687729566,9.543458734866352e-05,3.562347693648193,1,1.9218109648502872,5.4841586584984805,0.00039764411395276465
ENSG00000076826.10,5.702868534188254,9.592158601837982e-05,2.336978727034721,0,3.9884466075887937,1.6514678805540726,0.00039884235350677686
ENSG00000170807.12,-7.095399641323821,9.689422616482719e-05,3.8776462061807733,1,0.15508887150255757,4.032735077683331,0.00040146713649052935
ENSG00000283646.2,4.222401597994641,9.695431346246284e-05,1.0648080685792651,0,1.4218929784011556,0.35708490982189045,0.00040146713649052935
ENSG00000164251.5,4.970758338719732,0.00010003935624715254,1.8962011700524446,0,4.103596059505267,2.2073948894528224,0.00041338576961633285
ENSG00000223749.11,-5.710932244527054,0.00010070484084773907,2.5507023914904527,1,2.9198360382019963,5.470538429692449,0.0004152776942174807
ENSG00000162639.16,-4.604718478321854,0.0001012109146979817,1.3920422587604255,1,4.546204040805477,5.938246299565902,0.0004165058218023939
ENSG00000146147.15,-6.871555805200725,0.00010336727566380363,3.2997848190546266,1,0.3406343388391393,3.640419157893766,0.0004240960463068122
ENSG00000136514.3,4.426635206036268,0.00010347943529886219,1.4154036262646073,0,3.13592955354896,1.7205259272843527,0.0004240960463068122
ENSG00000140511.12,4.93553119239775,0.00010394902759817134,1.6434983288808738,0,5.302226540685474,3.6587282118046005,0.0004251493971295351
ENSG00000140937.14,-4.603709882291628,0.00010836369241593606,1.503002032732578,1,4.297847443156731,5.800849475889309,0.0004423007853711676
ENSG00000124839.13,4.3237769991068795,0.00011712628416444965,1.1853365325224339,0,2.7619378278354367,1.5766012953130029,0.0004770928071871676
ENSG00000170421.12,5.691016931302133,0.00011804626425954644,3.8170888687340145,0,7.89642063045887,4.0793317617248555,0.0004798628628436847
ENSG00000185885.16,5.333858926216471,0.00011833220457128338,2.1584606437340135,0,7.545269628910396,5.3868089851763825,0.00048004951144536867
ENSG00000172236.18,4.367215796586653,0.00011903216340846095,1.1998099204086774,0,1.826706778292824,0.6268968578841464,0.0004819115927468055
ENSG00000119888.11,5.03544356226588,0.0001198388320934062,2.5874710748249354,0,7.619186831608597,5.031715756783662,0.00048419730138749977
ENSG00000173210.20,-6.0159420813386815,0.00012109542857845008,2.7663361732449285,1,1.6800969847309002,4.446433157975829,0.0004882880184614922
ENSG00000157851.17,-5.151078924442253,0.0001232474765029859,2.6967190940641435,1,2.763305918959633,5.460025013023777,0.000495965700213223
ENSG00000221986.7,-6.050928988088838,0.00012451606802891656,3.2993829413106672,1,0.9071893384960568,4.206572279806724,0.0005000645302366127
ENSG00000141469.18,4.153094252117662,0.00012758822984419864,1.0250611338269788,0,1.6148148881051678,0.589753754278189,0.0005113756707182311
ENSG00000168824.14,4.682465094497102,0.00012991461186814747,1.8100363320641133,0,3.1807021935299935,1.3706658614658802,0.0005196584474725899
ENSG00000183798.5,-4.478128462975321,0.00013032364669998323,1.8231356552336995,1,3.9158061018508126,5.738941757084512,0.0005202540786426476
ENSG00000137285.10,-4.280340777438685,0.00013311403934491002,1.558563378899045,1,6.240208314488509,7.798771693387554,0.0005303348181072111
ENSG00000170373.8,4.102041894710967,0.00013773776187565873,1.1922951436921116,0,1.484947662098859,0.29265251840674755,0.0005476650571596769
ENSG00000187595.16,-5.18947080116896,0.0001381139616393074,1.8443664027365854,1,2.1280972764659674,3.9724636792025527,0.0005480712763464579
ENSG00000104419.17,4.796500279031046,0.000138566041499428,1.523782067639532,0,5.739771470978567,4.2159894033390355,0.0005487764019779327
ENSG00000110148.10,4.172710578548668,0.00014068554063716425,1.203870400520255,0,1.6398446945789587,0.4359742940587037,0.0005560693305816769
ENSG00000196878.15,4.775725693870354,0.00014920381255044014,2.126981094623851,0,4.628737968271575,2.501756873647724,0.0005885751974376337
ENSG00000166828.3,4.476676811409463,0.00015036400757573276,1.4230909240895162,0,1.8056893715709539,0.38259844748143773,0.0005919842817942234
ENSG00000158258.16,-5.86872345963593,0.00015336320023938944,3.291072225192324,1,2.0395878656259354,5.3306600908182595,0.0006026058948502531
ENSG00000171365.17,-5.794189996279085,0.00015510436005632773,2.5310148561546586,1,3.1631211184581507,5.694135974612809,0.0006082523923777557
ENSG00000008517.18,-5.012386626298486,0.00015846393027696228,2.2483706165062882,1,4.522659010924985,6.771029627431274,0.0006201509856330904
ENSG00000257588.1,4.2608985303583875,0.00015875865232207114,1.3774838616102094,0,2.20440170633438,0.8269178447241707,0.0006201509856330904
ENSG00000130957.5,-6.125157173077614,0.00016154601325718974,2.827961186746155,1,0.6181674608504163,3.4461286475965713,0.0006298090185465487
ENSG00000120885.22,5.021812670335261,0.00016346249064091365,2.194893475504725,0,7.862566444439725,5.667672968935,0.00063604081961445
ENSG00000162493.16,-4.255423450741992,0.0001686912820645793,1.2068740295360714,1,4.304904419142466,5.5117784486785375,0.0006551117750080749
ENSG00000117115.13,-5.771054830123493,0.00016917930040361275,3.0861960088018887,1,2.6852987785828666,5.771494787384755,0.0006557337224946231
ENSG00000197406.7,-4.690692225414363,0.00017354773047648667,2.2059534366090388,1,1.872909490656517,4.078862927265556,0.000671364527955461
ENSG00000154645.14,-4.769588000645227,0.0001743327263803838,2.2625202456755145,1,3.2914938119202204,5.554014057595735,0.0006730993296539915
ENSG00000178372.8,4.027934174502214,0.0001749273653065777,1.2261942251944467,0,1.366536268453156,0.14034204325870922,0.0006740938932816097
ENSG00000198483.13,4.071086041504288,0.00017543843047025974,1.0564633562813481,0,1.7737682654321814,0.7173049091508332,0.0006747631941163835
ENSG00000165025.15,4.835298727772002,0.0001770272507907469,1.7409633708229313,0,4.000653089029101,2.25968971820617,0.0006795671815383759
ENSG00000125726.11,4.036773367277521,0.000183361281132608,0.98053717201551,0,1.3616038908740202,0.3810667188585101,0.0007025336441862375
ENSG00000118640.11,4.636678309095262,0.0001838423564873654,1.5106394077021843,0,7.345588704326303,5.834949296624119,0.0007030300439287397
ENSG00000266995.1,4.564445274393038,0.00018569397716195014,1.4895905723459753,0,1.881146980118295,0.39155640777231965,0.0007087556380227104
ENSG00000176692.8,4.175811333176946,0.00018652901532072535,1.234982835604858,0,1.890318589339153,0.655335753734295,0.0007105867250313347
ENSG00000164683.18,-4.6103056294137,0.00018796275069830255,1.5339760718319102,1,4.072433437914499,5.606409509746409,0.0007146872650125572
ENSG00000136383.7,-5.445059388477246,0.00019339482814327173,2.9669900007327183,1,2.2806514275639747,5.247641428296693,0.0007339462168625113
ENSG00000157005.4,4.424408421496163,0.00019896025531119054,2.896124609686466,0,4.60102200810219,1.7048973984157243,0.0007536373307242066
ENSG00000157992.12,4.815889318755783,0.00020431316665049955,2.0575159269407126,0,4.820286078092754,2.7627701511520413,0.000772450535540641
ENSG00000284928.1,4.12411875316282,0.00020475960818018034,1.2488892106437761,0,1.7641487855253175,0.5152595748815414,0.0007726777667176617
ENSG00000064655.19,-4.694696042045721,0.00020793033269252533,2.229225630716501,1,4.548246779297606,6.777472410014107,0.000783165094887101
ENSG00000166086.13,-5.273138852211688,0.00021169800592828677,2.5514283063787975,1,2.8028294469190786,5.354257753297876,0.0007954336088248697
ENSG00000018236.15,4.211375564847905,0.00021198305675182777,1.2856951503085357,0,2.3484472849681284,1.0627521346595927,0.0007954336088248697
ENSG00000254202.2,-5.342603241157716,0.0002129722863517391,2.241836439817263,1,0.7090952318284783,2.9509316716457414,0.0007968338697178209
ENSG00000178078.12,5.003656340939526,0.0002131530601495171,1.9015418529486339,0,4.4490618233471375,2.5475199703985036,0.0007968338697178209
ENSG00000167642.13,5.141770946162673,0.00021509100267722868,2.6454164755505998,0,5.441609465407308,2.796192989856708,0.0008025783681986145
ENSG00000258675.2,-5.60062222016621,0.00022307897208797599,2.9068131278651457,1,1.2210860297970163,4.127899157662162,0.0008308341604766331
ENSG00000004848.8,-4.341301260092218,0.00022691392682627843,1.703411100481021,1,1.3424454967714479,3.045856597252469,0.0008435461963802171
ENSG00000181418.8,-5.90662475161726,0.000229638709640396,3.315733887862203,1,1.2228142933738655,4.538548181236068,0.0008505137394088741
ENSG00000185652.12,-4.747856519508095,0.00022954747267549998,1.7968150495338961,1,2.2794121877654656,4.076227237299362,0.0008505137394088741
ENSG00000186038.9,-6.215923764469022,0.0002347642781455279,3.392956351250897,1,0.26782947912546,3.660785830376357,0.0008678901225342991
ENSG00000092969.12,-4.565398509617856,0.00023536939430373086,1.4703116059020607,1,3.2842920432078184,4.754603649109879,0.0008685217501982689
ENSG00000107562.16,-4.427971324511335,0.00024275003110919296,1.9416665017251358,1,4.753011168023368,6.694677669748504,0.0008941069285789796
ENSG00000224568.2,-5.871088679917723,0.0002436022379087944,3.0474009209844652,1,0.5131000670301549,3.56050098801462,0.0008949157855367
ENSG00000135111.16,-4.535267529600055,0.00024386455155875073,1.9611205226379216,1,3.523879425173508,5.4849999478114295,0.0008949157855367
ENSG00000187689.10,3.9658989345248115,0.00024800056646982494,1.035991373302636,0,1.035991373302636,0.0,0.0009084269834059521
ENSG00000135046.14,4.8891978876122355,0.00025344745305343934,1.9553754247296506,0,6.077842542597612,4.122467117867961,0.0009266817296286631
ENSG00000178445.10,4.359193705434174,0.0002564670515061029,1.3839048969348817,0,2.3092209523518394,0.9253160554169576,0.0009360111368835872
ENSG00000092850.12,4.62296600225477,0.00026091656583531267,1.5552354364153085,0,3.2557517527358946,1.700516316320586,0.0009505157225330151
ENSG00000062038.14,4.80039751251589,0.0002651787708996848,2.4546715970516884,0,5.568158103655695,3.1134865066040067,0.0009636850392679311
ENSG00000066468.23,4.755169926060204,0.000265495228318315,1.9621003462765025,0,4.514925409499743,2.5528250632232408,0.0009636850392679311
ENSG00000159248.5,-5.729985849336084,0.00026762740603307185,3.4960992290034394,1,0.5145567987055158,4.010656027708955,0.0009696645146125791
ENSG00000184292.7,4.777216766780045,0.00027369654771175266,3.132431149201808,0,5.969599576749144,2.837168427547336,0.000986363839869399
ENSG00000125968.9,5.423389925240751,0.0002737159655637582,2.7291870358472865,0,8.288112354240878,5.558925318393592,0.000986363839869399
ENSG00000151715.8,4.030158079491373,0.00027276722292687676,1.059128267167337,0,2.6068609830548226,1.5477327158874856,0.000986363839869399
ENSG00000066735.14,-4.3372675879376,0.0002754953363862178,1.5549833412532155,1,2.7486408720960633,4.303624213349279,0.0009909904186554597
ENSG00000104951.16,4.569582965117905,0.0002858143536542784,1.6406363165698084,0,4.438416428995759,2.7977801124259507,0.0010262633883457034
ENSG00000225968.7,-4.753693909325674,0.00028980239786595354,1.8855272262571678,1,2.401284543998116,4.286811770255284,0.0010387182719209804
ENSG00000277702.1,-4.895797375107846,0.0002909247148437671,2.5149396463802103,1,2.67323340130833,5.18817304768854,0.0010408755450582007
ENSG00000121858.11,4.519124271125927,0.00029458569914389863,1.9699962811192213,0,4.912345174135247,2.9423488930160255,0.001052091782656781
ENSG00000184515.11,4.4651721449451935,0.00029680813863673135,1.931437936018221,0,4.029662314910882,2.0982243788926613,0.0010581395316817516
ENSG00000172156.4,-5.467349125248727,0.0003019326212661876,3.3333961555596945,1,1.1405477542036417,4.473943909763336,0.0010744933141145468
ENSG00000175793.12,5.019679138104518,0.00030259367359216635,3.2989847371089924,0,5.164949186834506,1.8659644497255137,0.001074933121108939
ENSG00000258548.6,3.8569056479905406,0.00031259580616846145,0.9760120030499966,0,1.2279219527980125,0.251909949748016,0.0011084957665548278
ENSG00000186998.16,4.795164939402572,0.0003134952175400385,1.7820214266876833,0,5.611275867135293,3.82925444044761,0.0011097175842125257
ENSG00000137673.9,4.423971036430389,0.0003158020269090155,3.269775133900295,0,5.525895374781885,2.25612024088159,0.0011139401301905308
ENSG00000100842.13,-4.256676257993121,0.00031556560359547034,1.3920603091044264,1,4.601852772236203,5.993913081340629,0.0011139401301905308
ENSG00000115112.8,4.224319345360263,0.0003174038918555907,1.4650308822217573,0,2.5951363582635505,1.1301054760417932,0.0011176193375196856
ENSG00000181649.8,4.652479540960329,0.00032085311592063264,1.8783613372877457,0,4.7063096307482395,2.827948293460494,0.001127778966329113
ENSG00000171033.13,-4.818383724248072,0.000326947159182529,2.3921988772084197,1,3.663969674515332,6.056168551723752,0.0011471830146755403
ENSG00000132872.12,3.850205257557012,0.0003402830150282436,1.0184401385062172,0,1.4882527516578936,0.46981261315167644,0.0011918844659483138
ENSG00000179913.11,4.48387833555061,0.000351924233348442,2.0688679026577645,0,3.2903514723454403,1.2214835696876758,0.00123050431240714
ENSG00000150556.17,4.2986364243284765,0.0003597837511922188,1.3571621997031724,0,3.607947026464599,2.2507848267614268,0.0012557897074772033
ENSG00000170315.14,-3.8034868643688013,0.0003617505029270088,1.1536841695522284,1,7.351937862152553,8.505622031704782,0.0012604547140313894
ENSG00000125398.8,4.257463540411905,0.0003626221111829224,1.35229900799151,0,6.1239126959813355,4.771613687989825,0.0012612942997666868
ENSG00000088756.13,-4.248297607541198,0.0003727056438366539,1.3193151715460858,1,2.880552762679025,4.199867934225111,0.0012941168188772703
ENSG00000046604.13,4.919400076364637,0.0003765327569799382,2.2908892894343404,0,5.193645461061652,2.9027561716273116,0.0013051395389252624
ENSG00000167757.14,3.923573248088912,0.000385110050095276,1.307242173398594,0,1.6795110153485535,0.3722688419499596,0.0013325607269732732
ENSG00000106541.12,4.547066151046255,0.00040103448157355126,3.0174179174034745,0,4.485058792325012,1.4676408749215377,0.0013852659121711616
ENSG00000188763.5,-5.13607300861318,0.00040689093823971604,2.365885811215707,1,2.7022710496022184,5.0681568608179255,0.001403072200826607
ENSG00000183770.7,-4.883995039433845,0.0004112646351128317,2.376496600237048,1,1.8298391584886062,4.206335758725654,0.0014120935422775934
ENSG00000102243.13,4.296475717790562,0.00041087557956788424,1.7725167714392036,0,2.4549269392083626,0.682410167769159,0.0014120935422775934
ENSG00000172478.18,4.447850981646928,0.00041162526757391847,1.7452250647689374,0,2.410988719055332,0.6657636542863945,0.0014120935422775934
ENSG00000022267.19,-4.755421806855365,0.0004182096973798275,2.087528463327433,1,4.909435184347875,6.996963647675308,0.0014322249910268066
ENSG00000043039.7,-4.634969314045095,0.00041934731472490595,2.5356205693125564,1,2.7198343402897414,5.255454909602298,0.0014336660332475418
ENSG00000165816.13,3.908751952533747,0.0004229497470180718,1.0799351345943367,0,2.243456329353686,1.1635211947593496,0.0014435144949422247
ENSG00000126778.12,-4.010635408005787,0.0004259378982755628,1.196451577048487,1,4.653222482052249,5.849674059100736,0.0014512364506833486
ENSG00000111057.11,4.74204830197486,0.0004323859618903541,2.3826842613699917,0,8.16326989320762,5.780585631837628,0.0014707005506474629
ENSG00000070526.15,4.15918563306266,0.00043628936606281154,1.404046435258973,0,2.0929091117120397,0.6888626764530669,0.001481457949279496
ENSG00000100985.7,4.675972269707347,0.00044048068252716,2.7800600255190773,0,5.963559094466582,3.183499068947505,0.0014931548560242712
ENSG00000130508.11,-3.858649706082038,0.00044367115321246146,1.2171598480476904,1,6.04514793484837,7.262307782896061,0.0015014252223771961
ENSG00000108511.10,4.2005830552627295,0.0004466553733472353,1.8445955899290485,0,3.292017927299463,1.4474223373704145,0.001508970855902822
ENSG00000165092.13,3.9621987337476305,0.0004534114697114531,1.6213864761765064,0,5.902373461349355,4.280986985172849,0.0015292123767671267
ENSG00000094755.17,4.24067857202048,0.00045742564041621606,1.4684768018364895,0,2.0749738247583447,0.6064970229218551,0.001540153671435071
ENSG00000241794.2,3.73875549222304,0.0004613181071641873,0.9805209031884488,0,1.3556766071119861,0.37515570392353736,0.001550649099711554
ENSG00000117226.12,4.309036960134917,0.000466306892213863,1.494665450532882,0,3.3536980100078124,1.8590325594749304,0.0015647882289055806
ENSG00000273706.5,3.74276175067321,0.0004671311627570066,1.1587168899039377,0,1.5218640526066842,0.3631471627027464,0.0015649285184489335
ENSG00000172346.15,-4.738095359147565,0.0004716961915148151,2.1037349771861242,1,3.1591474830734043,5.2628824602595285,0.0015763929256539491
ENSG00000065361.16,-4.085578892888983,0.00047212968123335776,1.4580442801378073,1,4.609696777725997,6.067741057863804,0.0015763929256539491
ENSG00000148702.15,3.8650173614867893,0.000475577524875834,1.031117079104221,0,1.4795080784622803,0.44839099935805926,0.00158525841625278
ENSG00000160182.3,3.810823285123468,0.00047838333012813764,1.299877201631942,0,1.622643553833812,0.32276635220187,0.0015919578373648508
ENSG00000162745.10,-3.805097188984951,0.0004812755995327831,1.0607730982031178,1,6.2037539128440224,7.26452701104714,0.001598922257583997
ENSG00000022556.16,4.2440904294337365,0.0004880536120316613,2.4805286281480274,0,3.5816391512960792,1.1011105231480516,0.0016187516153620607
ENSG00000120149.9,4.16787046957102,0.0004908292102758288,1.5440594721633993,0,4.250933358920125,2.7068738867567252,0.001622575901738277
ENSG00000124664.11,3.8816957059589865,0.0004906528937148235,1.4703825190700301,0,2.7696780269227816,1.2992955078527515,0.001622575901738277
ENSG00000160808.11,-5.350821660411241,0.0004997322864810815,4.293459888534138,1,1.9436164170188241,6.2370763055529626,0.0016492814735349223
ENSG00000144834.14,-4.578805890222741,0.000512130890013147,2.0208801887350014,1,2.047347280480794,4.068227469215795,0.001684753939751054
ENSG00000126233.2,3.6948407928724194,0.0005121651976843205,0.9278781740867843,0,1.1283541169869196,0.2004759429001353,0.001684753939751054
ENSG00000258616.5,3.7078710764167546,0.0005140146092292091,0.8138945729249882,0,0.9489515178629445,0.13505694493795628,0.0016880611140532317
ENSG00000179914.5,3.704843490433057,0.0005173872684476987,0.8934829105198262,0,1.0457254412826475,0.15224253076282135,0.0016963516998285202
ENSG00000260418.1,4.39993136447984,0.0005213685941462609,1.8577825952124554,0,3.4258459116755966,1.5680633164631412,0.0017066075094803958
ENSG00000180730.5,-4.550241629475937,0.0005242362218957937,2.9470003061460948,1,3.4234527044701397,6.3704530106162345,0.001707609843308774
ENSG00000004838.14,4.236746232887078,0.0005237327324130369,1.5475389808920395,0,2.5302143167932662,0.9826753359012267,0.001707609843308774
ENSG00000107984.10,3.7965860821349517,0.000523863864220226,1.5305763850986744,0,2.7884856144207695,1.257909229322095,0.001707609843308774
ENSG00000161249.21,4.272814879724763,0.0005614844451187145,1.8350513294000166,0,4.602015014930553,2.766963685530537,0.001825965675182811
ENSG00000145861.9,-4.011671912425772,0.0005849460221855548,1.2537128107211175,1,2.4817839659521685,3.735496776673286,0.0018991753967063467
ENSG00000124159.15,3.796086927656113,0.0005916255717857296,1.803093497369456,0,2.59131929300307,0.7882257956336143,0.0019177490171336455
ENSG00000269970.1,3.7762426814100354,0.000597025229757643,1.035684785094499,0,1.3631539374964339,0.3274691524019349,0.0019321204846525662
ENSG00000115221.12,-3.893766527582026,0.0006049492228336529,1.4949446251255658,1,2.832996111278078,4.327940736403644,0.0019546016892848235
ENSG00000169583.13,4.630097728598371,0.0006169606352904864,2.1315994923927217,0,3.9882411950910357,1.8566417026983137,0.0019901955977112465
ENSG00000086548.9,3.974940998616543,0.0006366579300259591,1.6177517033399482,0,2.062501634911078,0.4447499315711298,0.0020504281160256335
ENSG00000164764.11,4.03553663870795,0.0006528697390179227,1.56286028488211,0,4.193554014020913,2.630693729138803,0.0020992596109901053
ENSG00000163359.16,-3.875783282774245,0.0006606542655544971,1.2876795615593126,1,6.661053112397357,7.94873267395667,0.002120880467269654
ENSG00000242574.9,4.243580991294106,0.0006712466093695873,1.7286353393416078,0,4.059874093381278,2.3312387540396697,0.0021514314402871384
ENSG00000168961.17,3.9076138845360022,0.0007172386011814492,1.183723914934558,0,4.338332055820007,3.1546081408854487,0.0022951635237806376
ENSG00000078401.7,4.180551253268932,0.0007377435239199266,1.4785267654447725,0,3.660120331459608,2.1815935660148353,0.002357008063641938
ENSG00000021300.14,4.335648935048247,0.0007485356100183615,1.7708878062399416,0,4.0391094323825945,2.268221626142653,0.0023876733971877557
ENSG00000148677.7,-4.517978401672524,0.0007608371133730594,2.728130985404502,1,2.519213666965859,5.247344652370361,0.0024191959089763415
ENSG00000215644.10,3.6705419342744525,0.0007608278024107394,1.1941719809845854,0,1.6346718745734388,0.4404998935888534,0.0024191959089763415
ENSG00000125285.6,3.5670973323041193,0.0007637377608825739,0.9797165946242838,0,1.2954046076512924,0.3156880130270086,0.002424564320262139
ENSG00000123095.6,3.8319191425396224,0.0007742358941269989,1.4023521510670736,0,3.877419401385623,2.4750672503185496,0.002453996494855781
ENSG00000189334.9,4.500943149311308,0.0007816138466140146,3.194649152279133,0,5.378623264292789,2.1839741120136558,0.0024695540177378027
ENSG00000130005.13,-4.158472506144022,0.0007810901029576957,1.7271608091677173,1,4.42872190712016,6.155882716287877,0.0024695540177378027
ENSG00000116711.10,4.021459174738786,0.0007850007415420922,1.4229236387716024,0,3.328801645542193,1.9058780067705905,0.0024763430332558115
ENSG00000101443.18,4.632473964955403,0.0007996005460542656,3.7284724221669645,0,9.447034981020833,5.718562558853868,0.0025184269167063487
ENSG00000122756.15,-3.916083978772163,0.0008055605708215484,1.780575934806996,1,4.8373366899493995,6.6179126247563955,0.002533209342206127
ENSG00000137747.16,3.8507542439257603,0.0008167492465448287,1.2835527898522967,0,2.198274827586187,0.9147220377338906,0.0025643618415850194
ENSG00000188176.12,-4.487529726209045,0.0008222336897746894,2.2540812797259693,1,3.5552391929278717,5.809320472653841,0.002577535077663603
ENSG00000248746.6,-4.891735628844773,0.000850531111086189,3.3690014616180886,1,1.055445395264803,4.424446856882891,0.002662069205277587
ENSG00000157765.13,4.010569285881472,0.0008697906328382026,2.2857336543912177,0,4.310530291964685,2.0247966375734676,0.002718095727619383
ENSG00000101098.13,-4.147428137392543,0.0008926698221539164,1.9681727853761317,1,3.759618730073265,5.727791515449397,0.0027809028727536333
ENSG00000189184.12,-3.8460192989222084,0.0008915238977513102,1.2359564247352601,1,4.427598361458043,5.663554786193303,0.0027809028727536333
ENSG00000171564.12,3.5133600322911995,0.0009241892930864834,0.7642398229425015,0,0.8342783259435755,0.07003850300107405,0.0028746167747635567
ENSG00000163347.6,3.9004328543147047,0.0009287203477153542,1.521684334272154,0,4.895320009664368,3.373635675392214,0.0028842246823458204
ENSG00000128564.7,3.8007529899861394,0.0009359238331702138,1.7740712143980306,0,3.216846579788385,1.4427753653903546,0.0029020894051789573
ENSG00000163141.20,3.6397138827053,0.0009413167349731355,0.988320518215371,0,1.87793850747772,0.8896179892623489,0.0029142932971304505
ENSG00000198807.13,3.6793129195652923,0.0009563456615681855,1.1281264052172981,0,1.9880290543350458,0.8599026491177477,0.002956246249051578
ENSG00000249049.1,3.5455174933808915,0.0009739222114847246,1.1505005654909553,0,1.4548922564093356,0.30439169091838036,0.0030059327514960635
ENSG00000087510.7,3.808923430758927,0.0009907822430844598,1.5062303073591612,0,3.5138304415283574,2.0076001341691962,0.003053258068056887
ENSG00000103316.12,3.7290685504726238,0.0010376997703359918,1.8344390138726874,0,3.174215597101025,1.3397765832283375,0.00319292237026459
ENSG00000105605.7,3.4668971623943134,0.0010572422667020505,1.0804679040169358,0,1.3612797760851887,0.2808118720682528,0.0032480561189003085
ENSG00000167874.7,-4.304133806929706,0.0010960654716268906,2.241587051221413,1,4.212694790703011,6.4542818419244234,0.00336216402339537
ENSG00000251511.1,-4.6401331146693625,0.00112761182004026,2.6513290115477672,1,0.57728598141039,3.2286149929581573,0.003448540851876559
ENSG00000171201.12,3.4411368032889955,0.0011279499340641575,1.6263717199405585,0,1.9327494539762091,0.3063777340356506,0.003448540851876559
ENSG00000207296.1,3.4385377468444864,0.001129397128989573,0.8103971982412967,0,0.9623365721193743,0.15193937387807757,0.003448540851876559
ENSG00000135744.8,-4.1193831550949636,0.0011312592273953288,2.5952450961564413,1,4.4157939913314666,7.011039087487908,0.0034489610591321
ENSG00000179344.16,4.039956136570617,0.0011631702046805178,1.6525006859983424,0,4.5183198193821665,2.865819133383824,0.0035408529822846817
ENSG00000073792.16,-3.4514003560678344,0.0011657347201767614,1.196078938264658,1,5.606456559309367,6.802535497574025,0.0035432666266770863
ENSG00000215217.7,3.737083135846683,0.0011705103875192368,1.2373414248021386,0,2.373642758250873,1.1363013334487344,0.00355238357365474
ENSG00000182580.3,-3.459449920525826,0.0011949542956081088,0.9647300902605904,1,6.274947016436454,7.2396771066970445,0.003621073623054875
ENSG00000157601.14,3.9057167416196723,0.0012060677877890726,1.7770079122156797,0,5.015666202024623,3.2386582898089435,0.003649221748227149
ENSG00000117595.12,4.037711914750125,0.0012114676894940826,1.8878734379028081,0,4.358343706448008,2.4704702685452,0.0036600232310999474
ENSG00000260459.2,3.7073454539165143,0.0012164420759453781,1.1909046124030178,0,2.0536911959345687,0.8627865835315509,0.0036695085247221058
ENSG00000286546.1,3.398539564965599,0.0012731023927104305,1.1261524963953429,0,1.606944841392588,0.4807923449972451,0.0038346457611759957
ENSG00000159217.10,-3.9663282173539534,0.0012780891321917162,2.27999613471827,1,3.3325709475440988,5.612567082262369,0.003843877089298395
ENSG00000109851.7,-4.743204456113027,0.001285524414860672,3.7305394302162402,1,0.341392454208258,4.071931884424498,0.0038592335324555724
ENSG00000168079.17,-3.8522234537972553,0.0012870543830739334,1.5172444843607606,1,1.7642654663965587,3.2815099507573193,0.0038592335324555724
ENSG00000164530.15,3.4196730170292553,0.0012902971253155602,0.8732944363692074,0,1.3003367950220028,0.42704235865279533,0.0038631650458549704
ENSG00000205038.12,3.3965791769322777,0.0013182928196515795,0.9443453283953479,0,1.1655640335592679,0.22121870516391992,0.003941084662635514
ENSG00000006377.11,3.797267901463769,0.00132324288813623,1.8035453253718288,0,4.0859250951011346,2.282379769729306,0.003949978770555911
ENSG00000163273.4,-4.40144469629329,0.0013545073571943635,2.658354761027267,1,2.3016047840036062,4.959959545030873,0.004037279753187373
ENSG00000151655.19,3.382929110526443,0.0013676683104198763,0.7443546653078865,0,1.0303376978710734,0.28598303256318697,0.004070441400059156
ENSG00000153956.16,-4.311402764304494,0.0013763102556391502,2.622056759241683,1,2.2126580601249404,4.834714819366623,0.0040852273042713974
ENSG00000095713.14,3.5073444574684434,0.001376721601539461,1.262504469647591,0,2.8546861546663784,1.5921816850187873,0.0040852273042713974
ENSG00000188517.16,-4.165817197535801,0.0013838697495202861,2.115183360668887,1,2.7833920059978325,4.898575366666719,0.00410035481339344
ENSG00000143452.16,3.396984545714043,0.0013944237884800546,0.8731988540833242,0,1.1294320134691407,0.2562331593858164,0.004125514167100753
ENSG00000188488.14,3.6501999876935693,0.0014027966422101182,1.3380537346260257,0,2.635549618093776,1.2974958834677501,0.004144155516130334
ENSG00000104490.18,-3.4705693338621066,0.0014231480491745197,1.089874792518433,1,4.119083587859218,5.208958380377651,0.0041938290570929454
ENSG00000204528.3,3.437270332021393,0.0014238049648830548,0.9567140985318653,0,1.4786885383868753,0.52197443985501,0.0041938290570929454
ENSG00000111245.17,-4.67940093303526,0.0014555797248239062,4.729447482557263,1,0.4845375288518779,5.213985011409141,0.004274830322537169
ENSG00000253293.5,3.7092543118598833,0.001454421584995035,1.3755609211118416,0,4.483822311317923,3.108261390206082,0.004274830322537169
ENSG00000092607.15,-3.974883764837166,0.001464409190855514,1.8506691909650184,1,3.0046047518630608,4.855273942828079,0.004294455105148135
ENSG00000143318.13,-4.447307910905436,0.0014977981971158111,3.3771354860943354,1,1.713467023124742,5.090602509219077,0.004385939083794469
ENSG00000135519.8,3.7694168176464027,0.001500154970102624,1.4534575268003405,0,3.7100007182363677,2.256543191436027,0.004386418041235743
ENSG00000149573.9,4.105224703420593,0.0015089116388845747,1.7305775711813784,0,4.245375274757811,2.514797703576433,0.004405581427400218
ENSG00000174938.14,4.270633866498982,0.0015112145252115213,2.407532988241189,0,6.380783996186552,3.973251007945363,0.004405873251345543
ENSG00000154764.6,3.5432269439988726,0.0015165699853968411,1.5931384722282202,0,2.8314004991817305,1.2382620269535103,0.0044150509036298136
ENSG00000162366.8,3.620799432526922,0.0015470150169482047,1.7585094484811439,0,3.0410888829450755,1.2825794344639316,0.004497136677175014
ENSG00000104332.12,-3.4174644595714647,0.0015515190058479251,1.1824054234322867,1,6.280053405993971,7.462458829426258,0.0045036836163945574
ENSG00000139329.5,-3.9066546071248154,0.001602017352148154,2.228328641614773,1,7.657602271734916,9.88593091334969,0.004643215580201167
ENSG00000186897.5,3.5701201991880787,0.001604230982959503,1.4789092280778555,0,3.753640482735499,2.2747312546576435,0.004643215580201167
ENSG00000159713.11,-3.790595189767378,0.0016096008108622511,1.5831607811249624,1,4.794543229466051,6.377704010591013,0.0046520254649198
ENSG00000196754.13,3.885600170488818,0.0016295654059489898,2.1677690014500284,0,5.283310614752314,3.1155416133022857,0.004702930464499249
ENSG00000166592.12,-3.9608509525972084,0.0016574498085595315,1.7601896045614605,1,3.4526472510799935,5.212836855641454,0.004776512416598074
ENSG00000197616.13,-4.4462435407667105,0.0016796364657698975,2.8769999821182664,1,0.6245050265391839,3.50150500865745,0.0048334862324313594
ENSG00000058085.15,3.8140859689465088,0.0017509587508539072,1.862295836608427,0,4.443448243591008,2.581152406982581,0.005031490663373297
ENSG00000129654.8,3.7776685297874657,0.0017961657088802103,2.0069259690114363,0,4.330573721439941,2.3236477524285046,0.00515399055632772
ENSG00000150201.15,-4.260073688132855,0.0018147296371918249,2.4918221491001113,1,0.9278446011258614,3.4196667502259728,0.005199798387369126
ENSG00000104447.13,3.9059422763496565,0.0018276031505712108,1.5400537247424917,0,4.231543929774972,2.6914902050324803,0.005229193563866125
ENSG00000112414.15,3.7329527710063406,0.0018466585805802143,1.325292869680322,0,2.724619788721744,1.3993269190414221,0.005276167373086327
ENSG00000112619.8,-3.92443106319762,0.0018509755319989012,1.627356126155212,1,1.6449962206371345,3.2723523467923465,0.0052809572952893045
ENSG00000129244.9,-3.514032893091078,0.0018537653880643214,1.2698269671709022,1,3.5979735791175655,4.867800546288468,0.005281382871978124
ENSG00000204610.13,3.300491114218325,0.0019528241809330983,0.8386489451329167,0,1.4124867303014765,0.5738377851685599,0.0055556875702221864
ENSG00000049089.15,3.7487972320656993,0.0019747540903136945,1.6112944885360143,0,6.368598771181493,4.757304282645479,0.005610096847482086
ENSG00000167157.11,3.8123739632573543,0.0020165307643348436,1.7774201594047767,0,6.022945184099444,4.245525024694667,0.0057206546505953
ENSG00000164651.17,3.2631603572878474,0.0020250595117067903,1.0409941362785269,0,1.395096582993378,0.35410244671485097,0.005736712497752947
ENSG00000170571.12,3.6144454476695524,0.0020461220533615036,1.3760393782369655,0,3.2854643721445775,1.909424993907612,0.005788181197628016
ENSG00000145491.12,3.304658304557961,0.002062161896549127,0.966262282969308,0,1.8338985488462598,0.8676362658769518,0.005825316091946687
ENSG00000163064.7,-3.9068515364486736,0.0020736176602623464,2.3075301274778957,1,1.7856832814094687,4.093213408887364,0.005849415120627211
ENSG00000134321.12,3.459160654420419,0.002122401607062563,1.2182285800827706,0,3.4223321909585303,2.2041036108757597,0.0059785960762325716
ENSG00000147804.10,4.0249391582921685,0.0021393893099871586,1.9245697187767252,0,4.8298202875645195,2.9052505687877943,0.0060179727425799115
ENSG00000185972.6,-4.20749478259638,0.0021462892250591593,2.250365945983819,1,1.2098838806032641,3.460249826587083,0.006028902317581908
ENSG00000276742.1,-3.5035057009462216,0.002180498649262039,1.1668489285367913,1,1.8864942973788539,3.053343225915645,0.006116405748280614
ENSG00000199899.2,3.387029784831902,0.0021972275503466983,1.0642051006420565,0,1.4906305693536535,0.42642546871159687,0.006154699020578987
ENSG00000104140.7,3.7876537642410333,0.0022080551648396185,1.5896847369284446,0,3.9629544311552105,2.373269694226766,0.006176378083467465
ENSG00000154856.13,3.4348496664211323,0.0022140868745197063,1.1161827080813405,0,5.200535503388521,4.084352795307181,0.006184600208155605
ENSG00000124939.6,3.539863308190948,0.0022711990772852617,2.2953834764351777,0,3.773276416805674,1.4778929403704961,0.006335283339707844
ENSG00000129514.8,3.5482833163521708,0.002292165711737452,1.42756426845576,0,2.607687002895211,1.1801227344394511,0.00638486270678956
ENSG00000188910.8,3.7223118088237093,0.0023353992289779145,1.5283251089424403,0,2.2512039564712,0.7228788475287595,0.0064962426397160355
ENSG00000163082.10,3.5965998230662755,0.0023482353936938394,1.5958886233052536,0,3.6756106797583867,2.079722056453133,0.006522876093593999
ENSG00000100453.13,3.3876592647041175,0.002354826147201685,1.102819278292257,0,2.450690372434494,1.3478710941422372,0.00653211136533061
ENSG00000171517.6,3.6323089858283493,0.0023833888905030005,1.509121878416541,0,3.2948919419288445,1.7857700635123035,0.0066021852922520784
ENSG00000125798.15,3.3762126497575426,0.0024346142252883274,1.552625507463072,0,2.4475583368179064,0.8949328293548344,0.006734755809926217
ENSG00000238232.1,3.186386299988902,0.0024727594353159098,1.1020246954494572,0,1.5581497158952693,0.45612502044581216,0.006830827169380967
ENSG00000222486.1,3.195565199132908,0.002494682020167935,0.705328430969432,0,0.705328430969432,0.0,0.006881881434946027
ENSG00000184985.16,-3.530396214923031,0.002499693474761877,1.4902232626742937,1,3.428283660249067,4.918506922923361,0.006883661579307861
ENSG00000277268.2,3.1699993889029012,0.0025022109840784077,0.9295358012289272,0,1.3772703755074025,0.44773457427847535,0.006883661579307861
ENSG00000169184.6,-3.323099422179644,0.002523773377202838,1.1674899340879885,1,3.54086839949685,4.7083583335848385,0.006933443343963841
ENSG00000137203.15,3.4132143096016754,0.0025336333406115077,1.2028868654221418,0,3.303811480719343,2.100924615297201,0.006950983101814837
ENSG00000164434.12,-3.8644222719802594,0.0025427119780424084,2.6243512112114677,1,1.677856250640276,4.302207461851744,0.006966334186417558
ENSG00000184697.7,3.4451268776074118,0.002573568803541241,2.460217046605318,0,4.957231308888701,2.4970142622833826,0.007022015835037493
ENSG00000272398.6,3.9515797509960957,0.002571870802552327,2.206870478691103,0,8.805362085482171,6.598491606791068,0.007022015835037493
ENSG00000183160.9,-3.351690770202383,0.0025708402574392687,1.462144589037333,1,4.845335514335985,6.307480103373318,0.007022015835037493
ENSG00000236081.1,3.211933457145426,0.0025818683649020246,0.9243240481475704,0,1.8313736281953668,0.9070495800477963,0.0070350636645831735
ENSG00000205502.4,3.5900609156266023,0.0025940976984146925,1.28870381956005,0,2.434973391362048,1.146269571801998,0.007058769247386918
ENSG00000054598.9,3.4439470935329526,0.0026039360107692556,1.2371312051531702,0,5.127718718255195,3.8905875131020244,0.0070759130727425425
ENSG00000170558.10,3.869797832290394,0.0026521754431161207,1.9586447153007733,0,4.516670473272144,2.5580257579713703,0.007187467325517943
ENSG00000013588.9,3.4424697006558174,0.002649038537575496,1.5003883170782153,0,3.8401847310682005,2.339796413989985,0.007187467325517943
ENSG00000139540.12,3.1740966805705613,0.0027260372964298275,0.9738392727808134,0,1.5296774465823537,0.5558381738015403,0.007377638150013065
ENSG00000144355.15,3.530496587751228,0.00277852352605207,1.987242420157551,0,3.0910506782066975,1.1038082580491466,0.007509523043383973
ENSG00000130700.7,-3.6101749155900595,0.0027938614963065054,1.4479427724399263,1,1.2464992151179983,2.6944419875579246,0.007540786764659933
ENSG00000122585.8,-3.326398747832809,0.0028045599613594156,1.6701542207241329,1,2.116786146392412,3.7869403671165447,0.0075594608122895295
ENSG00000164237.9,-3.303661882975324,0.002820632681629982,1.0693759106737506,1,4.351918671394879,5.421294582068629,0.007592550959973033
ENSG00000231587.1,-3.5094756661883926,0.002827427955025368,1.2454438423571554,1,2.0435442013124545,3.28898804366961,0.007600612782326257
ENSG00000204186.10,-3.7233255632126467,0.002844526455334477,1.647384573408155,1,1.787027720006824,3.434412293414979,0.007636312631770409
ENSG00000130294.17,-3.393519191327965,0.002861136760435304,1.1068683614448425,1,4.577811517100826,5.684679878545668,0.0076706079368238705
ENSG00000250742.4,-3.4240943174657104,0.0028811061690579417,1.2689802483778916,1,3.5757375441954604,4.844717792573352,0.007713805004171196
ENSG00000186891.14,3.559146362861264,0.002921660301101431,1.510648202076239,0,3.758512763325694,2.2478645612494548,0.007805733631359346
ENSG00000151882.11,3.4445386011244565,0.0029232472449440754,1.1566632193032271,0,3.213588839812656,2.056925620509429,0.007805733631359346
ENSG00000048540.15,3.5671380526006695,0.002951939456513386,1.5366342985084112,0,2.323314250555924,0.7866799520475128,0.007871838550702363
ENSG00000187957.8,3.437725685214628,0.0030474514536666013,1.3974685488083984,0,2.6013227130897607,1.2038541642813623,0.008115716254771243
ENSG00000122641.11,3.5082867755625022,0.0030865349814117086,1.3521661596000576,0,2.742661638389187,1.3904954787891293,0.00820886963141412
ENSG00000170689.10,3.5864773889019057,0.003091731406938963,2.4449525762254884,0,5.668889553603136,3.2239369773776474,0.008211770005149967
ENSG00000111335.13,3.2377404048323175,0.0030963640617960807,1.064436388017798,0,4.015567945342738,2.95113155732494,0.008213167272668648
ENSG00000112378.12,3.472855486730264,0.0031092713393326863,1.5421303860402098,0,6.264654491857201,4.722524105816992,0.00823648036909321
ENSG00000273403.1,-3.4532425435151906,0.0031445241039356627,1.2187944042554366,1,2.712485390907832,3.9312797951632685,0.008318846835808632
ENSG00000112175.8,3.319710058037807,0.0031694589337106505,1.8215356277116077,0,3.152443929782977,1.3309083020713695,0.008373735624070412
ENSG00000131401.11,3.347486908418709,0.003219069971325783,1.2108678225238987,0,2.4368102489085275,1.2259424263846288,0.008493588314843755
ENSG00000260807.7,-3.8193315642439454,0.003225731884139293,2.4634629713009293,1,1.7524674351610965,4.215930406462026,0.008499952263871655
ENSG00000142102.16,3.5968558088351577,0.0032505337783965476,1.4779479789492593,0,5.029099583424878,3.5511516044756184,0.008554036258938283
ENSG00000101850.13,3.611880419508029,0.0032551016435545207,1.6422519324796427,0,3.1481788876923127,1.50592695521267,0.008554800640090725
ENSG00000163501.7,3.085196973660912,0.0033735826690491884,0.7925053169015598,0,1.0970492543647605,0.30454393746320074,0.008854547687793144
ENSG00000118971.9,-3.3241211359248455,0.0035182285918162943,1.6626733662787716,1,5.075511574498548,6.7381849407773196,0.009222093294407062
ENSG00000152669.9,3.5317497437095757,0.0035333586483789507,1.4094758206086033,0,4.206751383261898,2.797275562653295,0.009249629969578406
ENSG00000101282.9,3.402719081023273,0.003538978571702783,1.5467147284628182,0,3.768619681568662,2.221904953105844,0.009252231560007276
ENSG00000207805.3,-3.4899617281767537,0.0035916620958814324,1.9301798621209232,1,1.6355046333846588,3.565684495505582,0.009377707822144732
ENSG00000251381.8,3.7886589267432957,0.0036303200753848392,2.0213723665546635,0,3.1349277182608546,1.113555351706191,0.009466284420820962
ENSG00000142632.17,3.7411227218903735,0.003652560214550217,2.0095886971700687,0,4.93287306489539,2.9232843677253215,0.009511875558724523
ENSG00000173917.10,3.576265276270513,0.00369050710643289,1.658714454779329,0,5.220198461321677,3.5614840065423476,0.009598197936106346
ENSG00000141448.11,3.2900756818451056,0.003761682065749066,1.1961777187795026,0,2.7954429172056376,1.599265198426135,0.009770602768179393
ENSG00000102802.10,-3.5660881270247398,0.0038064065235814664,1.5286961188025248,1,2.2684564087400205,3.7971525275425453,0.00987394688347981
ENSG00000188373.5,3.074867847442074,0.0038321892256644443,0.8629773624741104,0,1.1676021019965646,0.30462473952245417,0.009927951361824986
ENSG00000156427.8,3.4156095427750315,0.0038642998022877443,1.4756017800917944,0,4.391934148629991,2.9163323685381966,0.009985270806945076
ENSG00000156804.7,-3.462460230274435,0.003864070309666877,1.421283751640026,1,3.8485800011667695,5.2698637528067955,0.009985270806945076
ENSG00000175426.11,3.325018315975133,0.003882582692669893,1.3645707076345168,0,2.1636201369513084,0.7990494293167916,0.010019568239148112
ENSG00000067445.21,-3.0556184898617085,0.003911164993266185,1.0848654218233333,1,5.135731761467029,6.220597183290362,0.010056163765324248
ENSG00000127831.11,3.058855319781357,0.003908722953013197,0.9743354712377019,0,1.284302150275318,0.30996667903761604,0.010056163765324248
ENSG00000275874.1,3.0416896035564776,0.003911847704711133,0.8370614224529707,0,1.2656590724443644,0.42859764999139377,0.010056163765324248
ENSG00000143867.7,-3.510288571460761,0.003980195017586681,1.5897509950529525,1,2.9279886190216438,4.517739614074596,0.01021872918507492
ENSG00000170374.6,3.00608885976615,0.003999293954971651,0.6850347065226736,0,0.9040875992742295,0.21905289275155598,0.010254599884542696
ENSG00000178538.10,3.5193295355869783,0.004033489175147054,1.6410331169077343,0,2.5022642443818968,0.8612311274741624,0.010329037580402189
ENSG00000088992.18,3.1682470127491644,0.0040392362757929665,1.06440499293977,0,3.351030615709965,2.286625622770195,0.010330527559572804
ENSG00000137959.16,3.3734386338004825,0.004065225758013205,1.2895579130147934,0,3.3632265726785655,2.073668659663772,0.010370473872482666
ENSG00000101076.17,3.0008597325592916,0.004062660368716184,0.6771751517028107,0,0.8754222848840563,0.19824713318124557,0.010370473872482666
ENSG00000111432.4,-3.575656783960775,0.004097063189588182,1.8107504219875437,1,2.7007807021597023,4.511531124147246,0.010438377553090909
ENSG00000173947.14,3.2295630395592028,0.004123122978898956,1.0482544671841714,0,2.67572690884487,1.6274724416606987,0.01049140707098971
ENSG00000100285.10,-3.2081587233868745,0.004186249608687524,1.5991917889305594,1,3.3401890870862374,4.939380876016797,0.010638499640883163
ENSG00000104267.10,3.430031267556452,0.004198840845217526,1.5935278441418679,0,3.893377813935268,2.2998499697934003,0.010643449544277633
ENSG00000095303.17,3.2909679858697234,0.004194687206876256,1.3553500859326615,0,3.5926417825175854,2.237291696584924,0.010643449544277633
ENSG00000198417.7,3.479480835818061,0.0042884846189668166,1.4435974447112772,0,4.589839658821435,3.146242214110158,0.010856923085991942
ENSG00000150551.11,3.1870537013068323,0.004306331914454779,1.0752144473784069,0,2.467681661601558,1.3924672142231513,0.010888323424664424
ENSG00000107821.15,-3.157851483665255,0.0043825511365041606,1.0807634214100998,1,5.036395882715611,6.11715930412571,0.011067048324505455
ENSG00000259974.3,2.9893968027925215,0.00440533557928584,0.878335044559952,0,1.1204406047608568,0.24210556020090485,0.011110556315979419
ENSG00000120075.5,3.3988847767156014,0.004424151728808808,2.1267153662943903,0,4.184239055779018,2.0575236894846274,0.011143959014631758
ENSG00000164695.5,3.39946274905793,0.00443580211714302,1.5492079860004284,0,3.8949666648196266,2.345758678819198,0.01115925060916483
ENSG00000187244.12,3.1966834245020346,0.00444237811517419,1.0240414327274339,0,7.592237378000793,6.568195945273359,0.011161754058226607
ENSG00000131650.14,-3.6119172941613207,0.004553964096742142,2.327930118951644,1,3.2463173555686455,5.5742474745202895,0.0114277643581986
ENSG00000230082.1,-3.2473188191855322,0.0047447567936737736,1.1658757374640225,1,2.9415835160360273,4.10745925350005,0.011891621036776375
ENSG00000148735.15,2.9923930156546725,0.0047993099628524305,0.799046591784083,0,1.2522715151903216,0.4532249234062386,0.012013291521532993
ENSG00000039068.19,3.3222171371827405,0.004848213338719929,1.8767266023524178,0,5.465096266927575,3.5883696645751573,0.012120533346799824
ENSG00000223722.3,2.9986488872934247,0.004997560467153326,0.9771819794570225,0,2.140592430633881,1.1634104511768584,0.012478303288772351
ENSG00000180530.11,-3.1617975061992265,0.005119072020905979,1.087488495626633,1,3.236540213174186,4.324028708800819,0.012765765638169524
ENSG00000268080.2,-3.4845218388283956,0.005127627550169756,2.4775496156768444,1,1.3886408217652038,3.8661904374420484,0.012771176961817576
ENSG00000091583.11,2.9143914823701786,0.005144934103061041,0.7089724799500983,0,0.8626706717024746,0.15369819175237628,0.012798343539952838
ENSG00000010932.17,-3.3573162391085822,0.005183560537518339,1.6388194395356162,1,2.271832298891342,3.9106517384269583,0.012862433095579006
ENSG00000171819.5,2.9166884986693287,0.005179863103839389,1.0489635555045864,0,1.3411336419668805,0.29217008646229403,0.012862433095579006
ENSG00000133519.12,3.4270046836297055,0.005194869127984239,1.595698983626234,0,2.9722360644835817,1.3765370808573476,0.01287452076328188
ENSG00000187634.12,3.5116118683727446,0.005259424543117448,2.0214049858372043,0,4.794256188872507,2.7728512030353025,0.013018377581973882
ENSG00000258815.1,-3.459047704412912,0.005270364886502918,1.8324123586137515,1,1.3740207096047177,3.206433068218469,0.013023361599370726
ENSG00000170801.10,-3.0790807375362683,0.005274461447745143,0.9516961217730104,1,5.462584303267685,6.414280425040696,0.013023361599370726
ENSG00000177519.4,-3.443719367537472,0.00531208464645577,2.392247938137871,1,2.7728952004798955,5.165143138617767,0.013089081489113794
ENSG00000276445.1,-3.5914919422726554,0.0053141670845802,2.053504544683338,1,3.2177021996051187,5.271206744288457,0.013089081489113794
ENSG00000168447.11,3.040504175518326,0.005395214077167233,1.002187264085549,0,1.7154864474181377,0.7132991833325888,0.01327235935342493
ENSG00000146242.9,3.533848837877539,0.005537208813689187,1.8895126294635487,0,5.397386717508041,3.5078740880444927,0.013588242487580827
ENSG00000185269.12,-3.2052688036175003,0.0055345789492478505,1.496935170028376,1,3.4765128870131647,4.973448057041541,0.013588242487580827
ENSG00000168952.15,2.9434864878550666,0.005579619373172356,0.8553018700654149,0,2.7771471773488368,1.9218453072834218,0.01367553767934401
ENSG00000125845.7,3.2251611758044496,0.005642198869218059,1.3537221504570058,0,3.6400705262490027,2.286348375791997,0.01381199233590712
ENSG00000197457.10,3.4838088201804935,0.005661992270432477,1.8777660313576865,0,6.387244762148749,4.509478730791063,0.013843501883697987
ENSG00000078018.20,3.110310292552525,0.005703317605533265,1.1225161156419823,0,3.37213032684579,2.2496142112038076,0.013927515520227755
ENSG00000065717.15,3.466112710815057,0.005718451359267316,1.8164676162264612,0,5.0948405597564905,3.2783729435300293,0.013947442339676378
ENSG00000054179.12,3.3117461778550474,0.005798635640630506,1.3557508429690843,0,3.48994321143302,2.134192368463936,0.014125787187894047
ENSG00000137975.8,2.869957175552167,0.005816270839022399,0.6569042003951603,0,0.8157625864773421,0.15885838608218183,0.014151510557232115
ENSG00000282431.1,3.0027108105324927,0.005858585786544606,1.308756652833508,0,1.6227237897153408,0.31396713688183286,0.014237146504361132
ENSG00000267640.6,-3.235950047573098,0.005963333668482883,1.3545323802770575,1,1.6738558556826748,3.0283882359597323,0.01447411084583224
ENSG00000258484.4,2.8654985863152787,0.006006887045605436,0.6462347449489434,0,0.931880916737839,0.2856461717888956,0.014562150413588935
ENSG00000180818.5,-3.264337653236666,0.006027972295161121,2.3977570709383147,1,2.4418179990027276,4.839575069941042,0.014567820534270226
ENSG00000173114.13,-3.0754907410572687,0.006030270903816925,1.3449969264654107,1,2.9213752945893448,4.266372221054755,0.014567820534270226
ENSG00000112559.15,-2.9773407517041854,0.0060310777011878735,1.0046001809994003,1,7.5363311809433,8.5409313619427,0.014567820534270226
ENSG00000153707.17,-3.122045467011119,0.006139392806123035,1.330572345621846,1,3.378542846719558,4.709115192341404,0.014811562861575476
ENSG00000211772.11,3.1379309137088685,0.006174791342142009,1.4060980365792473,0,3.847475536337601,2.441377499758354,0.0148790152822699
ENSG00000124107.5,3.3558301240869635,0.006205329705514964,2.9207729123048516,0,8.787396023316946,5.866623111012094,0.014934608196185232
ENSG00000126709.15,3.0993264555998463,0.006324787131171831,1.3276674860292879,0,9.715924052515044,8.388256566485756,0.015203815219163056
ENSG00000106436.7,-3.3659091381777544,0.00634946598425344,1.8412597505051027,1,1.1180817125282585,2.959341463033361,0.015244816288723746
ENSG00000107485.18,3.0730501905695955,0.006406192755845835,1.1924563736302471,0,2.174425073330198,0.9819686996999509,0.015362572555985218
ENSG00000175868.14,2.9223188091532233,0.006456381495282854,1.0298856994937087,0,1.9530773053855828,0.9231916058918741,0.015464386815048753
ENSG00000169218.14,-3.517168819616513,0.006486059485731475,2.097395585266775,1,1.035927586002338,3.1333231712691134,0.015516888721845633
ENSG00000106333.13,3.0016699277755863,0.006506764139869581,0.9699535602851022,0,8.375481663607525,7.405528103322423,0.015529270023555086
ENSG00000138131.4,-2.9598199883153278,0.006499398912484765,0.9227593053298841,1,3.653473274221664,4.576232579551548,0.015529270023555086
ENSG00000232629.9,3.0938661851361733,0.006516373263093032,1.2937377451686003,0,3.144286863310857,1.8505491181422569,0.015533666896526894
ENSG00000180318.4,-2.9243238308200104,0.006530338026067677,1.2547284133726677,1,2.575262802433187,3.8299912158058547,0.015548423871589705
ENSG00000118271.12,2.8364213796078026,0.006598515067128295,0.7921615345241556,0,0.9287224560604895,0.13656092153633392,0.015692069125156468
ENSG00000122691.13,3.170763818924921,0.006616793975079497,1.5158392295031158,0,6.417185500470346,4.90134627096723,0.015716850297100945
ENSG00000077274.9,-3.1859639540788876,0.006662159364814618,2.0390199091797454,1,5.162658896748697,7.2016788059284425,0.01580583479196825
ENSG00000175592.9,3.228923546417289,0.006714645941148639,1.3156911944434562,0,3.3945395108865917,2.0788483164431355,0.015911483272864072
ENSG00000136158.12,-3.0163019671849147,0.006869791649627804,1.2576356079359172,1,5.368721732447466,6.626357340383383,0.016259861892610188
ENSG00000196557.13,-3.3379151244079694,0.006895341744230863,2.0613084500254684,1,1.905235890265459,3.9665443402909273,0.016301044312602514
ENSG00000084628.10,-3.1083115417621436,0.007035497908583194,1.1644251764062163,1,3.4487286278564824,4.613153804262699,0.016612745947067756
ENSG00000060982.15,-2.942033328910323,0.007107232780164768,1.1047090058807987,1,5.148000757361512,6.2527097632423105,0.016762341462652753
ENSG00000250103.2,-3.317447650993287,0.007157972825034236,1.7087229368647727,1,0.8331300199845971,2.54185295684937,0.016862126796311508
ENSG00000155011.9,-3.0597556077622285,0.007375314619658766,1.2731503746532367,1,2.2601030826864377,3.5332534573396743,0.017353681458020628
ENSG00000101230.6,3.1759292221087727,0.007453155862594546,1.5352713522295156,0,3.5437156605465687,2.008444308317053,0.01751622999434676
ENSG00000124920.14,3.005805866516199,0.007465062092641942,1.046543359440911,0,3.155760395193763,2.109217035752852,0.017523619935779205
ENSG00000121075.11,-3.334100175736348,0.007516444242932931,2.0227731974794976,1,1.3774638109218174,3.400237008401315,0.017623550393746617
ENSG00000188783.6,2.889860656010929,0.007714747419599565,1.210461661725154,0,2.7867525357859986,1.5762908740608446,0.01806732416768048
ENSG00000181449.4,2.920611001930038,0.007736377593828303,1.4802840746649513,0,2.371615827958497,0.8913317532935459,0.01809678969316562
ENSG00000167286.10,3.027613562521748,0.0078065759882158595,1.1922291686129942,0,2.513678494358817,1.3214493257458229,0.01823966352386883
ENSG00000262484.1,-3.2986809953113796,0.007832624971750558,1.6766936440918259,1,2.364923869016367,4.041617513108193,0.018279171462661746
ENSG00000148344.11,3.031543485795597,0.008068320105868113,1.130070945254813,0,5.145362852557108,4.015291907302295,0.018807272974051544
ENSG00000172724.12,2.880357185799948,0.008085352202380366,1.1888901419563846,0,2.1641582211140973,0.9752680791577126,0.018825034231386185
ENSG00000179902.13,2.841295257959194,0.008235983843676952,0.9716197928764968,0,1.5173871865078448,0.545767393631348,0.019153450799248725
ENSG00000253508.1,2.8818999200975086,0.008288653665215655,0.9817832655164453,0,2.075936180501463,1.0941529149850178,0.019253550906424288
ENSG00000069011.16,-2.996481096116526,0.008387996389902983,1.4192827224166722,1,4.103536675844484,5.522819398261156,0.019461708561259825
ENSG00000165197.5,-2.9998910795946125,0.008406492456563842,1.069485998853483,1,1.4042779138146828,2.473763912668166,0.01948202191555931
ENSG00000171236.10,2.992037830274312,0.00852742595220888,1.400974832064048,0,2.854300830875054,1.4533259988110059,0.019739411926409444
ENSG00000085552.17,3.319870166582583,0.008567207807103494,1.951811423428628,0,5.031719082752598,3.0799076593239705,0.01980857296440114
ENSG00000163565.19,3.076724468413616,0.008579180529598796,1.3445842974226476,0,5.392586690004637,4.0480023925819895,0.019813349952884054
ENSG00000132000.13,2.9165027262472725,0.008598653035690415,1.0359150626876834,0,2.247497587415297,1.2115825247276135,0.019835416460646862
ENSG00000128342.5,2.9891383928771154,0.008775044115669777,1.2719034126120685,0,3.4052321157932375,2.133328703181169,0.020218995658225294
ENSG00000082196.21,-3.1399561492757884,0.008822310252327723,1.4452594536641041,1,3.4337690602230366,4.879028513887141,0.020304511512837107
ENSG00000153446.16,2.947570979078254,0.00896672442190963,1.2935760879934324,0,2.6651791937259772,1.3716031057325448,0.02061315959059685
ENSG00000240045.2,-3.3911047313471543,0.009062240665643102,2.7649971262438884,1,0.5183152672787759,3.2833123935226642,0.02080881897966269
ENSG00000130032.17,-3.165283709525907,0.009083415362279395,1.8040040083736002,1,1.7348526380969849,3.538856646470585,0.02083352147311788
ENSG00000132821.12,-3.0815850353073935,0.009094398367246013,1.797987653039948,1,3.464494629111862,5.26248228215181,0.020834818710758336
ENSG00000187608.10,3.006524402108131,0.009115547312142062,1.4814950859882696,0,8.68750622661109,7.20601114062282,0.0208546910649213
ENSG00000113140.11,-2.7614177926448824,0.009123927340903068,0.7707872320625597,1,10.000623934716657,10.771411166779217,0.0208546910649213
ENSG00000162631.19,2.7325879696000066,0.009151587024624739,0.7555774587226929,0,2.0992353310285963,1.3436578723059034,0.020894034302796207
ENSG00000104722.14,-3.341987166097915,0.009188501665498738,3.1074457570700225,1,0.8176331713043057,3.925078928374328,0.020954393763965195
ENSG00000260265.1,3.0023879416850074,0.009274943351350809,1.1743927805040275,0,1.7775147359014511,0.6031219553974236,0.02112743360216585
ENSG00000168542.16,-2.8212706311372076,0.009350786873450265,1.2526958798985959,1,10.137878520056583,11.39057439995518,0.021275965582366926
ENSG00000213088.12,2.863073266761636,0.00943907306775751,1.1455550811970003,0,2.523947287605861,1.3783922064088607,0.021452438790357978
ENSG00000169248.13,2.807684680724873,0.00954916300114681,0.9798271932141049,0,2.144399030385224,1.1645718371711191,0.021678009083193665
ENSG00000117394.24,3.048722568253575,0.009572300380891475,1.3337266672695307,0,6.702195973593073,5.368469306323543,0.021705896555309467
ENSG00000120708.17,2.9871192530184376,0.009668354563182166,1.357878642553083,0,7.440927478418721,6.083048835865638,0.02189887783280219
ENSG00000091656.19,-2.8316880876661603,0.009956162120980558,1.1228408352202472,1,3.034317886597998,4.157158721818245,0.02252525366737683
ENSG00000126218.12,-3.030486661325107,0.010087557593950119,1.7116754634818308,1,2.477190970239285,4.188866433721116,0.022784713222057915
ENSG00000126259.20,-3.047839228355962,0.010093627957371657,1.5760551779416638,1,1.87257745291227,3.448632630853934,0.022784713222057915
ENSG00000197253.13,2.808504901911793,0.010164377856071551,0.9595464220075554,0,1.7863027999802596,0.8267563779727043,0.022918552099372158
ENSG00000133067.17,2.849923169515235,0.010236105641596258,1.1451052510528372,0,2.6080419088002595,1.4629366577474223,0.023054291985577156
ENSG00000128713.14,2.8157003841844195,0.010276144557603093,1.0001051052413534,0,1.835749411999192,0.8356443067578385,0.023118435450175688
ENSG00000174607.11,3.0693789307445023,0.010307227200474708,1.4180553332486188,0,3.02631634000806,1.6082610067594412,0.0231623083156735
ENSG00000198300.14,-3.241141964237262,0.010393828280206227,2.0562507743730225,1,0.5127310613086373,2.56898183568166,0.023330703210339455
ENSG00000198914.5,2.828183802698366,0.010532635188896362,1.7966218804776766,0,2.6562702792851804,0.859648398807504,0.02361577396613534
ENSG00000267260.2,-3.0703445622166017,0.010617999813988997,1.473880514802823,1,1.5049878355717334,2.9788683503745563,0.023780514700983194
ENSG00000169245.6,2.850455561287582,0.010630973628107358,1.4035304143584666,0,4.4888581322187955,3.085327717860329,0.023782938765340843
ENSG00000143546.10,2.8942936374994344,0.010800177608571545,1.6552588686764311,0,4.754418382529476,3.099159513853045,0.024114439869020406
ENSG00000158089.15,3.044641415274797,0.010805422166654132,1.5335997885441488,0,4.141922005284676,2.608322216740527,0.024114439869020406
ENSG00000165863.17,2.9083043458347,0.010815326281255653,1.0802096789345443,0,2.8003517674613447,1.7201420885268004,0.024114439869020406
ENSG00000171345.13,3.022296327525438,0.01091640140540491,2.2235108141528155,0,8.368048557221785,6.14453774306897,0.02431269800758332
ENSG00000106031.9,2.76056997783258,0.010954225163629597,1.0639681732461528,0,2.453894432109331,1.3899262588631782,0.024369800141556392
ENSG00000139292.13,2.765331808404559,0.010975626472582727,1.2198773293971175,0,4.677904725499129,3.4580273961020116,0.024390281050183836
ENSG00000163083.6,2.761981326625349,0.01101033174199175,0.8590060428241069,0,3.6078507930271653,2.7488447502030584,0.02444024803993729
ENSG00000267978.5,-3.080756136034467,0.011177883521390044,1.6363444274455037,1,0.9771665947665248,2.6135110222120286,0.024784664127250652
ENSG00000138615.6,-2.926066437928467,0.011312552040055697,1.6680757880554915,1,2.2084977118489966,3.876573499904488,0.025000115005647947
ENSG00000257718.1,2.991192326126955,0.011305538717644344,1.3354351084028377,0,2.510960196001446,1.1755250875986083,0.025000115005647947
ENSG00000182492.16,2.9177254970308293,0.011297171377635635,1.1604107860563264,0,9.888428051900833,8.728017265844507,0.025000115005647947
ENSG00000251129.2,2.693018086713933,0.011424757110162876,1.0666376151830117,0,1.4155418798464734,0.3489042646634617,0.025220214371220476
ENSG00000101115.13,2.9307047113265003,0.011581606709208828,1.3908112303506988,0,2.893827149111246,1.5030159187605472,0.025538272787671065
ENSG00000018625.15,-2.7873794977735895,0.011624137274252225,1.4831462679387046,1,3.0338977855263405,4.517044053465045,0.02560382659526922
ENSG00000160161.9,2.791840953326745,0.011712140228358026,1.0337673829334393,0,4.6805117885770935,3.646744405643654,0.02576928543093075
ENSG00000176076.7,-3.136335405517305,0.011917865927827977,2.3880510064988187,1,1.1600326540107204,3.548083660509539,0.026193111929292256
ENSG00000113196.3,2.6015517740402996,0.011968312054216694,0.6437523548955237,0,0.9909615603306848,0.34720920543516115,0.026275108790816015
ENSG00000122420.10,-2.876591263412449,0.012170063268182024,1.2289537376166155,1,1.6852374895324775,2.914191227149093,0.02668873523724128
ENSG00000168621.15,-2.8719320210398163,0.012337174223522302,1.31004305411361,1,1.637092838370456,2.947135892484066,0.02702557332644535
ENSG00000166670.10,2.8408347088182757,0.012369415416124959,1.6606977075036415,0,3.2082044771613556,1.547506769657714,0.02706655452106118
ENSG00000262902.1,2.725781880355627,0.012397892653044638,1.152160046451411,0,3.4457351539110435,2.2935751074596324,0.02709921891375877
ENSG00000012223.13,2.590139067241895,0.012415042943557884,1.2634205484533496,0,2.5281848608331146,1.264764312379765,0.02710708066279014
ENSG00000124935.4,2.7938159922046233,0.01252700219405802,1.3373474013872095,0,2.0802331337888202,0.7428857324016108,0.02732170598485937
ENSG00000173714.8,-2.691244339416927,0.012638335257383511,0.9706461881400077,1,1.5826635336245707,2.5533097217645784,0.027534499471423772
ENSG00000165376.11,2.5787204422525654,0.012654071766163543,0.6539325836333281,0,1.0782625704009872,0.4243299867676591,0.027538785127668212
ENSG00000163220.11,2.8959609943245144,0.012735583694074636,1.9715468273925252,0,7.4934917973431885,5.521944969950663,0.027686051508857903
ENSG00000016402.13,-2.897098233285935,0.012875251938612924,1.233328349060171,1,1.9256739109596783,3.1590022600198493,0.027959287597422205
ENSG00000121900.19,2.7791895415380434,0.012960059921456947,1.0055961881807427,0,5.655820558816867,4.650224370636124,0.028112928246110516
ENSG00000119917.14,2.75179953218435,0.013048461330503866,0.9336143093004621,0,5.269678946537943,4.336064637237481,0.02827402238462376
ENSG00000138650.9,2.6029039821217705,0.013067042184343831,0.7675317929084489,0,2.2088545572414415,1.4413227643329927,0.028283641091653315
ENSG00000144749.14,-2.955251398248938,0.013267241192142391,1.5738955649228075,1,5.0224240169932095,6.596319581916017,0.028685926901929493
ENSG00000163735.7,2.674488710073391,0.013357978342674543,0.982697739963688,0,2.089259643792003,1.106561903828315,0.02885092514616532
ENSG00000019582.15,2.8425242800353656,0.013432850689685085,1.2259299779304769,0,8.870411246484242,7.644481268553765,0.02898133913632165
ENSG00000064195.7,2.899877845360879,0.013453274256051391,1.4448906807341992,0,3.6272090312508865,2.182318350516687,0.028994125551834896
ENSG00000167754.13,2.7268300929670217,0.013544782646437745,0.9919489853902522,0,1.4331026391684016,0.4411536537781494,0.02915991958328901
ENSG00000111674.9,2.7551317949320953,0.013569306308936355,1.0769987551511289,0,6.008023363963818,4.931024608812689,0.02918130389018571
ENSG00000147689.16,2.665522946081536,0.013741388281316304,0.8352820137280055,0,1.2106577234159515,0.37537570968794604,0.029512809089881006
ENSG00000141668.10,2.614389532924436,0.013752969035884549,0.8044292455832982,0,1.1876341630825518,0.38320491749925356,0.029512809089881006
ENSG00000103449.12,2.8851948567084027,0.013978707635865537,1.377349229506131,0,3.373371505541558,1.9960222760354271,0.02994054733916905
ENSG00000143416.21,2.8115266530582916,0.013982235607391947,1.2325305614946487,0,6.2429465177424035,5.010415956247755,0.02994054733916905
ENSG00000287627.1,-3.0589975544811323,0.014170052268492226,2.1645829310689657,1,0.6653753697923704,2.8299583008613363,0.030310272232068933
ENSG00000147027.4,-2.8616044798593707,0.014290853203050083,1.361454668114197,1,4.162538879072402,5.523993547186599,0.030536011117628385
ENSG00000198183.12,2.54280185920368,0.014325924644923257,0.8020951776923505,0,0.8203189430840235,0.018223765391673,0.030578280992365543
ENSG00000139330.6,-2.86860285537031,0.014483599466999748,2.1773986810624972,1,2.0323559947064744,4.209754675768972,0.030872762364307447
ENSG00000163331.12,2.7221930374878487,0.0145101983112245,1.1585079160600467,0,2.295645415917692,1.1371374998576451,0.030872762364307447
ENSG00000131094.4,2.5754680372087124,0.01449974741629381,0.9029857167365942,0,4.196627033331157,3.2936413165945626,0.030872762364307447
ENSG00000259803.7,-2.768797150639467,0.014589918537290763,1.118781692097606,1,1.5046359593021157,2.6234176513997216,0.031009391152583977
ENSG00000187955.12,-2.624678479779657,0.01476499836255388,1.138979844825462,1,5.374591013268616,6.513570858094078,0.03134819185255601
ENSG00000145649.8,2.7245292523859614,0.014823153664845282,1.0388259237463644,0,3.010119524838301,1.9712936010919364,0.03143828985120951
ENSG00000123388.4,-2.8629536780471327,0.014871551131386215,1.9227298535142998,1,1.7958891660301493,3.718619019544449,0.03150752358344537
ENSG00000182168.15,2.8526949264814934,0.015066449701750763,1.289850055470415,0,2.5991941407458845,1.3093440852754694,0.03188666603545135
ENSG00000158874.11,2.5116383412558148,0.015108989035909993,0.7077327545829453,0,0.8208177378825945,0.11308498329964922,0.031942894367674404
ENSG00000005073.6,2.6876001225408945,0.01529425932226954,1.0398249069849457,0,4.358490363168293,3.3186654561833477,0.03230044207448688
ENSG00000254366.7,2.5099498836549237,0.015354113083287815,0.7352640937336634,0,1.1543650877129366,0.4191009939792732,0.032392643635628306
ENSG00000068078.20,2.824081430268185,0.01543464374504556,1.7241099507775952,0,4.710775848893266,2.9866658981156706,0.03252822707069665
ENSG00000156103.16,2.744938765722239,0.015670801044468646,1.1899303942341675,0,2.6902421002087347,1.5003117059745672,0.0329911600936182
ENSG00000125148.7,2.8380672830154836,0.01578863145249223,1.3748285680588967,0,8.414551700272286,7.039723132213389,0.03320427224498892
ENSG00000146477.6,-2.883058752060816,0.015867336611987647,1.95752431150818,1,2.2795024513427458,4.237026762850926,0.033334740781486655
ENSG00000170381.14,2.687937811317935,0.01596472621050743,1.0095670465967428,0,2.1079356318918197,1.0983685852950769,0.033504147346290515
ENSG00000186847.6,2.6220191482334125,0.016570269351628975,1.7672338995425259,0,2.374231208794249,0.606997309251723,0.03473851017112992
ENSG00000148346.12,2.733426053575815,0.016701990354244925,2.036082511698678,0,4.825122232763196,2.7890397210645177,0.034977990270669994
ENSG00000100362.13,-2.892864041286375,0.016730536737902257,1.9118968343945713,1,1.2461741820054733,3.1580710164000445,0.034990191791036886
ENSG00000131203.13,2.617480275647971,0.01674280677201115,1.0080291336804499,0,3.703525211507363,2.6954960778269133,0.034990191791036886
ENSG00000170382.12,2.7786796911530995,0.016921640033338337,1.2435458764965697,0,4.501198888908964,3.257653012412394,0.03532701468337858
ENSG00000154330.13,-2.699534199594201,0.016995023095809966,1.0788035717952602,1,2.6676167305496477,3.746420302344908,0.035443218135161554
ENSG00000176907.5,2.7652452134663807,0.017081399199609094,1.340561146123,0,5.541038136718529,4.200476990595529,0.03558624833251895
ENSG00000259439.2,2.6352293907631794,0.01714117046494722,0.9763434741421679,0,1.8672554495990041,0.8909119754568362,0.035673611789692444
ENSG00000272763.1,2.7565404121515353,0.017669201458970517,1.5057407214636986,0,3.4339962991142747,1.928255577650576,0.03673430656750627
ENSG00000171209.3,2.4340380534913164,0.018258701308682884,0.6195065113465716,0,0.7006524987125468,0.08114598736597514,0.03792045962343278
ENSG00000169418.10,2.6283014180426214,0.01853966461653831,1.067598509900106,0,3.666045926654583,2.598447416754477,0.03846403447414587
ENSG00000230937.12,2.598456001530062,0.018677453330456232,1.0291809113118997,0,1.43257406891843,0.40339315760653033,0.03870974783514245
ENSG00000106123.12,2.767006554630491,0.018739749938982662,1.4404829293757377,0,3.150267843327308,1.7097849139515702,0.038798654117976526
ENSG00000254656.3,-2.8288377351146234,0.01924710250648342,2.276490987500898,1,1.4367711129644547,3.7132621004653523,0.03980786454288194
ENSG00000163440.12,-2.760001663209968,0.01937593803653576,1.9941949142178892,1,1.2865189780699788,3.280713892287868,0.03999161617448042
ENSG00000110092.4,2.7032652580096337,0.01937142533489228,1.2856940662180518,0,6.047188873236647,4.761494807018595,0.03999161617448042
ENSG00000197903.8,2.5612535513096857,0.019442634495273902,0.8713995621559754,0,7.102583682351811,6.231184120195835,0.04008790617582248
ENSG00000181195.11,-2.7863992159054205,0.019473917260796773,2.1443199172342187,1,0.9014277797151449,3.0457476969493635,0.04011105512007575
ENSG00000277586.4,-2.688242907417288,0.0199381459000855,2.4924741058150537,1,2.632668462408082,5.1251425682231355,0.0410135883483647
ENSG00000105374.10,2.5697195906972374,0.01995311073147943,0.9922165475564295,0,3.4577472845740753,2.465530737017646,0.0410135883483647
ENSG00000122121.11,-2.6179689197056857,0.020052541271529126,1.1431652945162853,1,2.0573707169916298,3.200536011507915,0.04117564942819123
ENSG00000264500.1,2.5981662067335876,0.020650885427662802,1.0341340630623437,0,1.8397294830140332,0.8055954199516895,0.04236079062084677
ENSG00000065618.21,2.4097076153085473,0.0209485094420489,0.8182058570538299,0,1.6635655757099836,0.8453597186561538,0.04292727344682152
ENSG00000084636.18,-2.555774503861583,0.021435945320193762,0.9914423603797227,1,5.506266431300985,6.497708791680708,0.043881157257305556
ENSG00000205426.10,2.413207360059566,0.021778979991795816,0.8005195850616036,0,2.7393066377841,1.9387870527224966,0.04453779139426547
ENSG00000168672.4,2.5724033146576035,0.021832397237767778,0.9986275483488107,0,4.5818060799319404,3.5831785315831297,0.04460142438767677
ENSG00000261039.3,-2.772049687949728,0.021924143119435007,1.8746437078920408,1,1.064369686774528,2.939013394666569,0.044743149223336755
ENSG00000261373.1,2.646607453549625,0.022127401589359354,1.2252398566549672,0,3.3811399643229763,2.155900107668009,0.0451119298457887
ENSG00000163993.7,2.547554872711626,0.022431887367730365,1.3794991915465937,0,4.055843877753696,2.676344686207102,0.045686124985194226
ENSG00000132386.11,-2.447844606868975,0.022517401548737003,0.8633415632912023,1,7.257029934302949,8.120371497594151,0.04581363489061445
ENSG00000102678.7,-2.5593150852209834,0.022655345193658482,1.1559985050951638,1,2.154848992077621,3.3108474971727846,0.04604744958060667
ENSG00000204335.4,-2.6624381075028483,0.02272757513532013,1.376517968637228,1,2.0839268837971248,3.4604448524343527,0.04614736068085305
ENSG00000156076.10,2.516379258074476,0.023235217456249183,1.8617693760550598,0,5.007707754773497,3.145938378718437,0.047034853150301995
ENSG00000151468.11,-2.491955613951602,0.023221011043675525,0.9389064524532413,1,5.2741949657521054,6.213101418205347,0.047034853150301995
ENSG00000158270.12,-2.388943412341747,0.023197166996026943,0.7309912701990271,1,4.3782481784602005,5.109239448659228,0.047034853150301995
ENSG00000135114.12,2.5307517026252713,0.023353031475741463,1.184637831116623,0,3.22151553485471,2.036877703738087,0.04717784136513427
ENSG00000079257.8,2.58615197576319,0.023333553403781272,1.1092037858558341,0,4.0342343591026015,2.9250305732467674,0.04717784136513427
ENSG00000186377.8,2.5076447324658653,0.023827563309552886,1.2826215599901158,0,3.712831643729418,2.4302100837393024,0.048087917880026004
ENSG00000129009.13,-2.5540446399352925,0.024548471364396605,1.46993549689953,1,7.447782748418601,8.917718245318131,0.04949288581531573
ENSG00000183734.4,2.4943233875269333,0.024764303671820906,1.0406450835429917,0,3.195133159262175,2.154488075719183,0.04987775160487594
ENSG00000185950.9,2.4881049032182476,0.024817220014091392,0.9743231297763812,0,3.272813929147599,2.298490799371218,0.04993404429394647
ENSG00000232111.2,-2.7115088441280797,0.024919630351993616,2.3584427256543847,1,0.6185524231193378,2.9769951487737227,0.05008970925023843
ENSG00000020181.18,-2.385130466511958,0.025037539026616897,0.7671921607240035,1,4.382831689270712,5.1500238499947155,0.05027618278437128
ENSG00000125144.14,2.481623281339501,0.02515478751556477,1.0980857673120519,0,5.063953510193321,3.965867742881269,0.050460957904844075
ENSG00000070031.4,-2.6249488437742903,0.025481145334007627,1.8966589213475837,1,1.6205439466413967,3.5172028679889804,0.051013303971987244
ENSG00000126583.11,2.3609191542493,0.02546849618566956,0.719301991436407,0,1.307482919033908,0.5881809275975008,0.051013303971987244
ENSG00000160180.15,2.381626677247871,0.025592664662287025,1.18098000786221,0,4.109748766980194,2.928768759117984,0.05118532932457405
ENSG00000137273.6,-2.4304898928033527,0.02586743643893238,0.8900663858474513,1,2.032095670758563,2.9221620566060142,0.05168318968817658
ENSG00000105419.18,2.46469148447815,0.02590660386631762,1.1087913713283448,0,2.995657003768399,1.8868656324400541,0.051707616471620026
ENSG00000130635.16,-2.3465942988637414,0.025931369660517442,0.8771473500721898,1,6.895480899060149,7.772628249132339,0.051707616471620026
ENSG00000265465.1,2.494591379633755,0.02662617925446373,1.227425791408844,0,2.4600395563099675,1.2326137649011235,0.053040197718055244
ENSG00000170577.8,-2.37793417206348,0.026778155222751565,1.410215057027787,1,5.169185991422974,6.579401048450761,0.053241101943728775
ENSG00000196126.11,2.548217049297329,0.026780274277695575,1.3951506388840889,0,8.36279285852684,6.967642219642751,0.053241101943728775
ENSG00000130303.13,2.528245879780282,0.02746381034136656,1.6734709229104006,0,8.729392599172984,7.055921676262583,0.054545800082158015
ENSG00000198185.11,-2.438392528424037,0.027588308303885596,1.156310142806445,1,1.9072386024342027,3.063548745240648,0.054738706952153965
ENSG00000214049.8,2.429762512610192,0.027702530078507585,1.1468665063328498,0,1.7728277409927375,0.6259612346598877,0.05491086239545607
ENSG00000124205.18,-2.432649181846057,0.027768719727123855,1.6727085979480427,1,3.6622365343843994,5.334945132332442,0.05493317453436965
ENSG00000100290.3,2.539756526127398,0.027749488697202795,1.2668311509322918,0,3.5949782030690933,2.3281470521368015,0.05493317453436965
ENSG00000241294.1,2.2935288237179052,0.027939337553440094,0.6950135280807967,0,1.2527803237212651,0.5577667956404684,0.05521608212142311
ENSG00000087303.18,-2.4270358312809246,0.02839626900310567,1.1149112732627082,1,3.518024000910056,4.632935274172764,0.05606370977908325
ENSG00000138080.14,-2.287026242059679,0.028473680780379963,0.7388630606359206,1,7.675590659070706,8.414453719706627,0.05616110607570013
ENSG00000188508.11,2.323228808767182,0.02868451740057392,0.9118524172184229,0,1.846263619844529,0.9344112026261061,0.05652121655285502
ENSG00000225972.1,2.2617540520215678,0.02889946652144101,1.024618715178026,0,3.2643462934859606,2.2397275783079347,0.056888713624883874
ENSG00000125730.17,2.3811309628311053,0.029095372775277854,1.5106261192815889,0,4.972687257918692,3.4620611386371034,0.0572180388894353
ENSG00000163661.4,-2.4646423078762036,0.029129836506993714,1.4717763618386126,1,4.4351748158697415,5.906951177708354,0.05722954127110749
ENSG00000102854.16,2.487214403822164,0.029182695502145226,1.8883904869048473,0,4.352154101441317,2.46376361453647,0.05727712561755687
ENSG00000134323.12,-2.3106771869438374,0.029359921135387348,0.9473743940310535,1,3.762508873777898,4.7098832678089515,0.057568472814484996
ENSG00000228630.5,-2.4784788864861356,0.029460392167405817,1.4826411976604075,1,1.5202118782906087,3.002853075951016,0.05770889748757261
ENSG00000173253.15,-2.437233581628306,0.029566214953150077,1.1813774783826259,1,1.8568974546236845,3.0382749330063104,0.05785952045626238
ENSG00000162551.14,2.2793788231013514,0.02964448166189768,0.7427928942925952,0,6.201925198160663,5.459132303868068,0.057955975878587834
ENSG00000123407.4,-2.4941207725970975,0.02976057780644366,1.7058017500408438,1,1.097524284337629,2.8033260343784727,0.058069420110133975
ENSG00000184905.9,2.3894881232387837,0.029759137833352222,1.2755544998810142,0,3.0084745980746725,1.7329200981936583,0.058069420110133975
ENSG00000114948.13,-2.4141436480568523,0.029912728018537362,1.043232824686787,1,2.529866947090381,3.573099771777168,0.058275104929569915
ENSG00000116774.12,-2.3429686474452254,0.029924266381334153,1.039171964567835,1,6.518784279177626,7.557956243745461,0.058275104929569915
ENSG00000008394.13,2.5188326483072028,0.03007487185354013,1.4089162152987424,0,3.703389810214727,2.2944735949159845,0.05851142383957224
ENSG00000139318.8,2.316894261079824,0.030293440246273368,0.7642097101625422,0,5.9474916035132805,5.183281893350738,0.058879378515594494
ENSG00000277734.8,2.3198605606840084,0.03113583793484272,0.8948961983547825,0,4.287513195253365,3.3926169968985826,0.06045793773755868
ENSG00000261787.2,2.2292281065498347,0.03129207824618018,0.6536632760964414,0,1.2528571564563213,0.59919388035988,0.0607023826308054
ENSG00000248663.6,2.3074715771860816,0.031484266570642315,0.7781173710050642,0,1.2742353121394474,0.4961179411343832,0.061016020485740924
ENSG00000077943.8,2.306594691922746,0.03187255773196461,0.8212653022600047,0,2.232915698055648,1.4116503957956434,0.06170872745782112
ENSG00000133636.11,2.311835779679985,0.031969429283134766,1.4004692152296172,0,3.1747174947684216,1.7742482795388044,0.061836420276856416
ENSG00000261122.6,2.201338704437711,0.03200967607745212,0.5690307524225797,0,0.7385917359533704,0.16956098353079063,0.06185444652647753
ENSG00000116194.13,-2.3871558528021017,0.03223155346778626,1.0391621312236432,1,2.509721475198757,3.5488836064224003,0.06222307619263756
ENSG00000116824.5,2.3483976219793847,0.032310048951388885,0.9384823884740983,0,2.555039099972181,1.6165567114980828,0.062314462779920705
ENSG00000135472.9,-2.4503842988821294,0.03271663975243812,1.3675137986548709,1,1.8145593921003265,3.1820731907551973,0.06303784152685572
ENSG00000271503.6,2.302792214664084,0.033072300560997775,0.947190606500294,0,4.536805136656068,3.589614530155774,0.06366179126274836
ENSG00000267692.1,-2.441274255236602,0.03332053553614655,1.3207807678705925,1,1.9556106146506957,3.2763913825212883,0.06407795295412798
ENSG00000069535.14,2.259255094769384,0.033451936244870084,0.7564749861945357,0,4.190028816048721,3.4335538298541852,0.06426884965392908
ENSG00000075891.22,2.248954091721931,0.03351149556140614,1.1400561868614825,0,2.377899436797533,1.2378432499360505,0.06432148860154728
ENSG00000178172.7,2.2158229328364425,0.033912647739565864,0.8780697423145296,0,1.55006414584107,0.6719944035265404,0.06497584030574703
ENSG00000152661.9,2.2884415532823668,0.03391738863959995,0.8219454523756689,0,7.37647651586753,6.554531063491861,0.06497584030574703
ENSG00000198729.5,-2.378867589537569,0.03406671009249981,1.2285609606167824,1,4.157614380749518,5.3861753413663,0.06519944515310969
ENSG00000185479.6,2.2517136771732704,0.03412943642655827,0.7281281089118523,0,1.0284868360854944,0.3003587271736421,0.06525704861674621
ENSG00000137745.12,2.2301418577033516,0.03420919412921845,0.889934348701266,0,1.794778783216642,0.904844434515376,0.06534707570051279
ENSG00000162998.5,2.3080181237176225,0.034448992176357204,0.9886672584171396,0,5.2705509890837305,4.281883730666591,0.06574235148159771
ENSG00000204682.8,-2.32019123212925,0.03462273985619657,0.9396290976556938,1,3.1032214636162148,4.042850561271909,0.06601094348178566
ENSG00000185633.10,2.3120228561471383,0.034733202271119305,1.2269320007154727,0,5.918585871959313,4.69165387124384,0.06615848051641772
ENSG00000276170.4,-2.433909694775974,0.035008207306224504,1.3095418927148512,1,2.1610809681905896,3.470622860905441,0.06661885310413798
ENSG00000078399.19,2.296396377188101,0.03519644247953959,1.2186355744655848,0,4.035383222691872,2.8167476482262876,0.06691338874437185
ENSG00000050767.17,-2.3805100795823453,0.03530016060198965,1.175181692522484,1,4.4957009047952,5.670882597317684,0.06704683875021776
ENSG00000269834.6,-2.2694254269368876,0.0358428728013091,0.791295723776317,1,3.0874225891314975,3.8787183129078144,0.06801304136870796
ENSG00000173376.14,2.2988470269711216,0.03604680552046139,1.0283094140971012,0,2.472674070111536,1.444364656014435,0.0683351763421069
ENSG00000136099.13,-2.3488675859440207,0.03611382548473878,1.4429186211782656,1,1.8598662572177684,3.302784878396034,0.06839739675139919
ENSG00000229847.9,2.162905572063515,0.036650338712839174,0.6893373635800115,0,3.9824283897595536,3.293091026179542,0.06934784997698992
ENSG00000249395.4,-2.384391464424141,0.03670260950341111,1.290941194596975,1,2.0779301240198182,3.3688713186167933,0.0693811143731779
ENSG00000185565.12,2.2808511159589338,0.03691781845183114,0.9489101803475304,0,1.9690338923597313,1.0201237120122009,0.069722036736225
ENSG00000165078.13,2.1693824816768843,0.03724329708744951,0.6547682686007129,0,1.4997410091956296,0.8449727405949167,0.07027037186311227
ENSG00000141744.4,-2.255950190349327,0.03743657284891626,0.9183265310171258,1,2.8523124878836668,3.7706390189007926,0.07056846908372527
ENSG00000159166.15,2.2536290629856497,0.03764612296211498,0.9843145464710141,0,4.389380098348998,3.405065551877984,0.07089665341264591
ENSG00000182107.7,2.2758699617690867,0.03775796187405254,1.1044710422009936,0,3.4343888418086164,2.329917799607623,0.07104037981947797
ENSG00000173702.7,2.1954228743594073,0.03781380847777912,0.8242624458257117,0,1.381666782787266,0.5574043369615542,0.07107858736424646
ENSG00000137331.12,2.338185194626946,0.038176273408170966,1.3501223720181539,0,5.673717523505477,4.323595151487323,0.07169253222191731
ENSG00000186832.9,2.3302987161593647,0.03835320653518657,1.7511758560519934,0,2.9491415675174424,1.197965711465449,0.07195723552567837
ENSG00000134443.10,2.264215667335233,0.038758816108540095,1.089673129031627,0,2.209364490946563,1.1196913619149358,0.07265007705443317
ENSG00000120251.21,2.157548787235057,0.039681577097092725,0.7439568850028309,0,1.839393855797751,1.09543697079492,0.0743100694702111
ENSG00000104313.20,-2.331344203011693,0.04015472467783424,1.3453995729771133,1,2.4591721655394645,3.804571738516578,0.07512577114655612
ENSG00000124212.6,-2.23952480996991,0.04041138075133125,0.9488352578522159,1,4.649055190942013,5.597890448794229,0.07553529112398365
ENSG00000137965.11,2.2954947783055184,0.04053357755425519,1.0817750596872395,0,5.856883929334939,4.775108869647699,0.0756929552833897
ENSG00000183580.10,-2.284455563405243,0.04134274328080653,1.3668990019018739,1,3.6742137739132157,5.0411127758150895,0.077131983732848
ENSG00000188729.6,-2.3570283852656435,0.0414834583334262,1.454529784302057,1,0.6329188659616917,2.087448650263749,0.07732238272772823
ENSG00000166106.3,-2.238314488283301,0.041564242262954965,1.0436787437356978,1,3.745333764508061,4.789012508243759,0.07740082358092172
ENSG00000186081.12,2.24684204787318,0.041648813927114926,1.8540363198600724,0,3.996245598391026,2.1422092785309537,0.0774320943005528
ENSG00000170370.12,2.140555592673965,0.0416584667336974,0.8434139189250809,0,5.170909866066283,4.327495947141202,0.0774320943005528
ENSG00000211649.3,2.185929402350212,0.0417494623239462,0.9789678130816941,0,1.8070695204617955,0.8281017073801014,0.07752917794604679
ENSG00000095752.7,2.218366482642158,0.041826733372128104,0.8218282631375688,0,2.295780696502049,1.4739524333644802,0.07760061850116531
ENSG00000120093.11,2.2803760513494873,0.0422276611952317,1.2806204884740788,0,4.027312282183373,2.746691793709294,0.0782718465157214
ENSG00000173467.9,2.2553700227544873,0.04244976017656371,1.2350699171427157,0,2.6012864740618826,1.3662165569191669,0.07853794667264331
ENSG00000121898.13,2.2219621059593724,0.042439888505062084,1.2126302738500216,0,4.636254164209954,3.4236238903599325,0.07853794667264331
ENSG00000240184.7,-2.2510346913419776,0.04288787031672994,1.1204149024292462,1,3.2023576861388143,4.322772588568061,0.07920197657752528
ENSG00000215845.11,2.2764706460036277,0.04288262300213837,1.0850638797016217,0,5.57381371107977,4.488749831378148,0.07920197657752528
ENSG00000124102.5,2.3068096114461865,0.04387923764055089,2.297699005715794,0,5.262814774049151,2.9651157683333564,0.08095800302684666
ENSG00000186973.11,2.152037281467678,0.044127554457819976,0.8155979633023849,0,2.9346951690707517,2.119097205768367,0.08134111420796308
ENSG00000104435.14,2.1960426761961473,0.04433162001293452,1.267026567408305,0,2.9265765691426098,1.6595500017343048,0.0816247865082272
ENSG00000211751.9,2.207129618749209,0.04436307146722148,1.0502837405878136,0,3.182464178769069,2.1321804381812552,0.0816247865082272
ENSG00000128422.17,2.297635893405381,0.04494662742859277,2.0273156485343806,0,6.817092118344945,4.7897764698105645,0.08262247689079553
ENSG00000006016.11,2.121282294367432,0.04598028035797225,1.0878573366954498,0,4.292829466957235,3.204972130261785,0.08444495933511892
ENSG00000196104.11,2.119220983971926,0.04608727121832313,0.944670768720594,0,2.256720741405872,1.312049972685278,0.0845638004005929
ENSG00000161798.7,2.1595592674862383,0.046402069901020866,1.2189842244581177,0,4.918033992433423,3.699049767975305,0.08506337287079901
ENSG00000163739.5,2.1994892821354814,0.04850362542864867,1.518292571565838,0,4.142031965636121,2.6237393940702827,0.08883447880704884
ENSG00000115255.12,2.129465634255841,0.048886268207924084,0.929331013996963,0,2.621582853065011,1.692251839068048,0.08945337275008981
ENSG00000124302.13,-2.2648509634651863,0.04898275530257389,1.4976392011087198,1,1.1216522642993425,2.6192914654080623,0.08951732646675477
ENSG00000187720.14,2.1122504648404585,0.04901073624054823,0.8366095617617981,0,3.098352207963958,2.2617426462021597,0.08951732646675477
ENSG00000143153.13,2.1509085460612214,0.04972441302102305,0.8865183025754204,0,6.773884148091454,5.887365845516033,0.09073797996537053
ENSG00000170627.11,2.0252359684182974,0.05007960374513953,0.7547811058171787,0,1.2233375816863787,0.46855647586919996,0.09130283271675393
ENSG00000198502.6,2.139721971526989,0.05068719409646334,1.0800103098949059,0,6.413927096610639,5.333916786715733,0.09232640090430481
ENSG00000230500.1,1.99596019919951,0.05175334339206756,0.5374209979303077,0,1.1139371084529612,0.5765161105226535,0.09418260853879445
ENSG00000171243.8,2.1134611345067755,0.052531651221453805,1.037370580639502,0,3.6284494660104016,2.5910788853708997,0.09551209312991601
ENSG00000136918.8,1.9981646802738862,0.05301290814021288,0.5808664767846163,0,1.2114842658425788,0.6306177890579625,0.09629956065433766
ENSG00000143387.14,2.0623360588218245,0.05356709314561852,0.7780493350518052,0,4.431882175945717,3.6538328408939122,0.09721795489222962
ENSG00000187601.5,-2.033548419306297,0.05362500454654543,0.6843216158248602,1,5.806978506522445,6.4913001223473055,0.0972348223872084
ENSG00000265660.1,2.1105570726974636,0.054331582704097416,1.055030911653157,0,2.5650490993701176,1.5100181877169605,0.09842678026104604
ENSG00000142910.16,2.0378128816976724,0.05447675213743599,0.7052168865299002,0,4.494435862261672,3.789218975731772,0.09860045635735021
ENSG00000214263.2,2.1232865444422373,0.054654984976486486,1.3872133087027012,0,2.3164934875353,0.9292801788325988,0.0988336075524168
ENSG00000260027.5,2.1276101643587753,0.05502121302276189,1.1573240796066386,0,5.667533420512392,4.510209340905753,0.0994059855876457
ENSG00000204291.11,-2.135019113267168,0.05515718591472405,1.0512227847832953,1,4.695145763854798,5.7463685486380935,0.09955376888589856
ENSG00000109072.14,1.9640139274453818,0.05520256484723075,0.49749588400813216,0,1.2190800523468355,0.7215841683387033,0.09955376888589856
ENSG00000154269.15,1.9759128738239666,0.056152072392487526,0.541415616794795,0,1.32619972131282,0.784784104518025,0.10117490521168923
ENSG00000066382.16,-2.016794856977741,0.05702213820765298,0.689281170756511,1,2.9211949685738285,3.6104761393303395,0.10265011378515387
ENSG00000196735.13,2.089159239243771,0.05720939872154116,1.0494998741292427,0,3.722693401697794,2.6731935275685514,0.10289460201716037
ENSG00000259129.6,-2.1670663109204034,0.057318886454599594,1.34292757663649,1,1.1956690606455664,2.5385966372820565,0.10299889749254194
ENSG00000198851.10,2.026101658728032,0.05767203085469685,0.7520965602047394,0,2.4656666552310504,1.713570095026311,0.10354045036749883
ENSG00000101197.13,-2.1235150798566997,0.05777736047944863,1.3042152617348335,1,2.10887837658889,3.4130936383237236,0.10363652103936974
ENSG00000143196.5,2.0488517001787323,0.058109301536187714,0.8727276902821106,0,1.7058723631049657,0.8331446728228551,0.1041385332189744
ENSG00000249721.1,-2.124411543743842,0.05840597885071857,1.3370777480128255,1,1.3585478088227838,2.6956255568356093,0.10457650644712367
ENSG00000136352.19,1.9713883973165454,0.05870074600160629,0.6405392552183866,0,0.9158877737553425,0.2753485185369559,0.10501027907264095
ENSG00000277945.1,2.0309487480411335,0.05969029299612403,0.9319139358872341,0,2.6867264029816806,1.7548124670944465,0.10668506344258093
ENSG00000188662.6,-1.997819003539556,0.060006842175577065,0.7411095655847126,1,1.3105395817345324,2.051649147319245,0.10715507531353047
ENSG00000253414.3,2.0333444161495997,0.06030801091005173,0.7904960108685053,0,2.1764051811561074,1.385909170287602,0.10750091071310468
ENSG00000149531.15,-2.0182799896019974,0.06027000407526047,0.759032129392482,1,4.3734944811331635,5.1325266105256455,0.10750091071310468
ENSG00000005884.18,2.013407075080226,0.06036928629991478,0.7563114115741971,0,4.536520822536392,3.780209410962195,0.10751431219931395
ENSG00000244094.2,-2.1109954711019143,0.061114564324917825,1.715345822069897,1,1.1715876568487185,2.8869334789186154,0.10874477637885734
ENSG00000149021.7,1.9426326631850293,0.06182497570773362,0.6467925027817085,0,0.8772740767931243,0.23048157401141584,0.10991106792485977
ENSG00000121039.10,2.044579395026607,0.06235728481202689,0.9507314791201047,0,5.434595862109581,4.483864382989476,0.11075894282775646
ENSG00000100604.13,1.9232821138324905,0.0626990844249302,0.6203747198591649,0,2.0755594379688227,1.4551847181096578,0.11126723056775546
ENSG00000105668.7,1.9751148310843132,0.06304670228178047,0.7564125029220469,0,1.699767187745449,0.9433546848234021,0.11178493312372424
ENSG00000236028.1,-2.115733879007237,0.0632297082508593,1.4426130330272877,1,0.8591448176120187,2.3017578506393064,0.11196487545893803
ENSG00000138829.12,2.034131915078721,0.06326015463429999,0.9208219532460706,0,5.759929050224347,4.839107096978276,0.11196487545893803
ENSG00000089127.14,1.9884114527921117,0.06508397170761347,0.8300303617626463,0,4.061807233793161,3.2317768720305144,0.11509101981894514
ENSG00000175315.3,2.0478946043925204,0.06547658993481574,1.1314273715053882,0,3.1108332125243128,1.9794058410189246,0.11568302108624688
ENSG00000162873.15,1.967703364530355,0.06622812985659636,0.8257322101246694,0,2.5565307219283055,1.7307985118036362,0.11690755491014361
ENSG00000115138.11,1.9333153279217705,0.06631007988071648,0.7409176866129252,0,2.7892213963096784,2.048303709696753,0.11694899449861815
ENSG00000178715.8,-2.0183620353903926,0.06643772052929227,1.0162635594794804,1,3.571711656570393,4.587975216049873,0.11707087317936962
ENSG00000183098.11,-1.9832759214382558,0.06691986317298505,0.8802836191069061,1,3.54173279006311,4.422016409170016,0.11781666051581874
ENSG00000181392.17,2.0285293376733367,0.06725766033393084,1.0658666809221162,0,3.3686883271152883,2.302821646193172,0.11830723013884054
ENSG00000197479.7,-1.9689983535133282,0.06767284091391024,0.7905284371186059,1,2.6655535971858058,3.4560820343044116,0.11893008098597017
ENSG00000157613.11,-1.935223469996446,0.06773068112151001,0.7283104757168575,1,4.550482919691746,5.278793395408603,0.11893008098597017
ENSG00000171724.3,1.907296535184765,0.06823602072802344,0.658079682715123,0,1.9230229705917916,1.2649432878766687,0.1197123170667078
ENSG00000144331.20,-2.027021946187509,0.06881607750426152,1.0717298702023466,1,1.5518133212715632,2.62354319147391,0.12062414987600618
ENSG00000210195.2,-2.0232982142140696,0.06894081565515664,1.350596655025237,1,2.5279073929482396,3.8785040479734767,0.12073698013162283
ENSG00000143768.13,-1.9460021447555615,0.06945970642111263,0.8530772606277908,1,2.5081725339299203,3.361249794557711,0.12153929382521894
ENSG00000133169.6,1.973045482438887,0.06972493720948197,1.2543881494360125,0,6.210673938142198,4.956285788706185,0.12189674337322025
ENSG00000269994.3,-2.0289765409680753,0.07027734089477017,1.9817539541984188,1,2.1435712704698893,4.125325224668308,0.122697251250091
ENSG00000165474.8,1.9886399954110352,0.07030552496630214,1.2742826123340136,0,3.871203877659818,2.5969212653258045,0.122697251250091
ENSG00000205420.11,1.9439206061198613,0.07119497602998114,1.2921300716090558,0,2.5217457249107826,1.2296156533017268,0.12414119621618332
ENSG00000107159.13,1.987893065956132,0.07168567460104708,1.783654667421417,0,5.04686650585057,3.263211838429153,0.1248875359085908
ENSG00000266524.3,1.85182012899198,0.07174788937948541,0.6544292081220777,0,2.1006493158711774,1.4462201077490997,0.1248875359085908
ENSG00000214548.18,-1.988830113670758,0.07315903357083617,1.9016745280318914,1,2.3615656124862316,4.263240140518123,0.12701267604983352
ENSG00000244575.3,1.8795790053589472,0.07310973350121215,0.9280991912284471,0,1.8374953647875916,0.9093961735591445,0.12701267604983352
ENSG00000197614.11,1.873514414447063,0.07315930140470411,0.7967676187426866,0,2.2602531924259037,1.463485573683217,0.12701267604983352
ENSG00000132031.13,-1.855406449448205,0.07421852801511739,0.6100630709890273,1,2.898913041030966,3.5089761120199934,0.12873985778858177
ENSG00000280079.1,-1.936773984593871,0.07462942625532083,1.0047383139824548,1,2.389169798856725,3.39390811283918,0.12934042678565136
ENSG00000183801.8,-1.9228570311738278,0.07496367677287719,0.8873279220879762,1,3.7962312564007576,4.683559178488734,0.12980723250714665
ENSG00000090006.18,-1.9184211382262393,0.07522007725876799,0.8685575688996332,1,6.1514472010145935,7.020004769914227,0.13013854197018682
ENSG00000198889.5,1.874156617950483,0.0761664257900758,0.6303654549847668,0,1.4240214116048062,0.7936559566200394,0.13166192876417598
ENSG00000164694.17,1.911951511435921,0.07649631081947386,1.1174135968966699,0,3.2986049769765047,2.181191380079835,0.13211798068993758
ENSG00000196611.5,1.9389614434604083,0.07697966559510554,1.1536246495177904,0,3.8388391107431272,2.685214461225337,0.13283807695445302
ENSG00000114115.10,-1.874434294814039,0.07721138992489833,0.6524818770396905,1,6.612634624293,7.265116501332691,0.1331230860774109
ENSG00000172137.19,-1.93846979467471,0.07847924025315953,1.2422486352031554,1,2.7233797716186934,3.965628406821849,0.13519248966952546
ENSG00000116690.13,1.8074686241277935,0.07957622554393623,0.7443212639833765,0,1.3890795025428464,0.6447582385594699,0.13696424362123275
ENSG00000009694.13,1.8912932596625827,0.08017472333404696,0.8005140158826148,0,1.4024075069603164,0.6018934910777015,0.13787570650738945
ENSG00000268751.1,-1.9086709038934806,0.08069772597132659,0.8965189786375705,1,3.169600049308732,4.066119027946303,0.13865588654867111
ENSG00000081041.9,1.9067581384075412,0.08112590916664682,0.8818868312261918,0,2.424262743159936,1.5423759119337441,0.13927194706720483
ENSG00000122176.12,1.8897924080788564,0.08128044410587439,1.1997215742237426,0,6.923905910736593,5.724184336512851,0.13929810472300666
ENSG00000189058.9,-1.8097098589797196,0.08121486131233457,0.7830032971944041,1,4.155930719867748,4.938934017062152,0.13929810472300666
ENSG00000253661.2,-1.8733280321785815,0.08190962151242344,0.7850963028431988,1,1.4369717805101416,2.2220680833533404,0.14013622157814104
ENSG00000232835.1,1.8626283068559932,0.08186597317986191,0.7793608488665764,0,2.364540053632131,1.5851792047655546,0.14013622157814104
ENSG00000049540.18,-1.7981045050137234,0.08205245626045844,0.741627278569366,1,6.947260681131596,7.688887959700962,0.14026060899223666
ENSG00000130829.18,-1.8688904317195179,0.08264860929292618,0.8445205421421185,1,3.6016581143327016,4.44617865647482,0.1411590252654589
ENSG00000139219.19,-1.797066183762024,0.08334357411647358,1.0176797542570029,1,5.664585856455502,6.682265610712505,0.1422245292089993
ENSG00000211662.2,1.8424408458447095,0.08395106764723395,1.269419944053188,0,2.8438983961947404,1.5744784521415525,0.14313907527235117
ENSG00000204287.14,1.8924970917288344,0.084637194289478,1.0658590944124038,0,8.83028923108119,7.7644301366687865,0.14418602093607835
ENSG00000171812.13,1.81234167306528,0.08478617881877255,0.7389624666028007,0,5.7548154511746015,5.015852984571801,0.14431690011705967
ENSG00000188505.5,1.8898975205811896,0.0849438958495531,1.061774348191063,0,3.018503263275242,1.956728915084179,0.14446240790740322
ENSG00000100342.21,1.842992420222201,0.08588664284624326,0.9404208506203569,0,5.518975696991231,4.578554846370874,0.14594161911001405
ENSG00000131409.13,1.8575110227743963,0.08600714046886766,1.2473222327865683,0,3.2403779689276235,1.9930557361410552,0.1460223097943424
ENSG00000197467.16,-1.8349339221816678,0.08623565622082037,0.7585139084084753,1,2.5527533181644144,3.3112672265728897,0.1462861004594069
ENSG00000210741.1,1.8547476623242676,0.08633014649075366,1.073309817135799,0,2.5977528661266707,1.5244430489908716,0.14632228218771806
ENSG00000251363.3,-1.8847565302665972,0.08676858162307387,1.0026632773000184,1,1.0062014456574035,2.008864722957422,0.14694086642349513
ENSG00000146250.7,1.8567703552149075,0.08699300895157998,1.2472051813446585,0,3.5838808052452733,2.336675623900615,0.14707186635939135
ENSG00000115290.10,1.856206815174872,0.08695772352246461,0.8992497151506949,0,3.283294460269102,2.3840447451184072,0.14707186635939135
ENSG00000232677.9,-1.8548670645242773,0.08750822704169622,0.990097475856262,1,3.7537667381532613,4.743864214009523,0.14781795108394633
ENSG00000164972.13,1.783477304790786,0.08780952912464177,0.6320143791710884,0,1.7151328171632485,1.0831184379921601,0.1482017369192266
ENSG00000178343.5,1.7972392456136863,0.08791438158972793,1.0307536444016105,0,3.056406391021849,2.0256527466202385,0.14825359458638776
ENSG00000270372.1,-1.8382544996100385,0.08836360165583457,1.415633866876838,1,2.791821519020893,4.207455385897731,0.14888559672423685
ENSG00000164488.12,1.8118273433211123,0.08880419307309192,0.7851382161751013,0,3.935651666623709,3.150513450448608,0.14950200854055878
ENSG00000132622.11,-1.8275359813017047,0.08902854087383949,0.7365064286534215,1,4.269686322343188,5.006192750996609,0.1497536431856005
ENSG00000123892.12,1.8656822900426926,0.08918231667538229,0.9421556871768173,0,4.011765847729632,3.0696101605528145,0.14988624651324756
ENSG00000144810.16,1.8367750844190638,0.09030887583476624,1.1548132901189851,0,3.172646294491781,2.017833004372796,0.15152495945430577
ENSG00000133321.11,1.8277072550409041,0.09024082400313019,0.9051724403933727,0,5.416322791109728,4.511150350716355,0.15152495945430577
ENSG00000087116.16,-1.8083821244661251,0.09120931964679879,0.7570762567759681,1,3.6932320049284275,4.450308261704396,0.15290749312120502
ENSG00000146151.14,1.8144348948205533,0.09185523595009373,0.843491860272269,0,1.7491944724529283,0.9057026121806593,0.15386136675057577
ENSG00000152977.10,-1.7927467000949662,0.09266548791575527,1.1659016933562625,1,3.4450313792177867,4.610933072574049,0.15495900989256733
ENSG00000128606.13,-1.743417627752866,0.09265327240770614,0.621316988650026,1,5.481398168172089,6.102715156822115,0.15495900989256733
ENSG00000146197.9,1.826575890423342,0.09295321295641217,0.9744827460298748,0,3.552461525065695,2.57797877903582,0.15531029733736368
ENSG00000106809.11,-1.814275651177033,0.09318231360116268,1.4034344577350217,1,3.540637988223794,4.944072445958816,0.15537906049998182
ENSG00000125740.14,1.8244159726481504,0.0932274362999891,0.9043252287292498,0,3.0012632334093445,2.0969380046800947,0.15537906049998182
ENSG00000176971.4,-1.7686101591883179,0.09313247833519288,0.7744821845647234,1,4.033905070457834,4.8083872550225575,0.15537906049998182
ENSG00000073756.12,1.8050860961024782,0.09415498035640081,0.9159591677912244,0,2.5358071266131286,1.6198479588219041,0.15679430533955172
ENSG00000280916.2,1.7644181981564846,0.09423750430808915,0.6447000713676578,0,2.1838687650183477,1.5391686936506899,0.15680117189365916
ENSG00000116661.11,1.8142649256773855,0.09492839969201058,1.069564802310781,0,4.518922401470821,3.44935759916004,0.15781945085953547
ENSG00000013297.12,1.7938355751190906,0.096154520649122,0.8508648606185072,0,2.907960031794152,2.0570951711756447,0.15972511735734551
ENSG00000138755.6,1.767941960254272,0.09631633227015964,0.9807333879734834,0,2.4908517644465005,1.510118376473017,0.1598611323986052
ENSG00000176490.5,1.7519200390783787,0.09647149978925611,0.8121830704075075,0,2.016981454488983,1.2047983840814753,0.15998590346476965
ENSG00000106819.13,-1.7784175565795162,0.09683639924164562,1.017009861576275,1,3.6314891234466486,4.648498985022924,0.1604579937724037
ENSG00000266583.1,1.7178139803236612,0.09804436032797735,0.5939727042596271,0,1.061991333660554,0.46801862940092687,0.1623250998807572
ENSG00000172935.9,-1.753172152825639,0.09819930480978264,0.6586566303067034,1,2.8895277636290544,3.548184393935758,0.1624471543586148
ENSG00000007038.11,1.7868363149813495,0.09877148471624637,1.5153844330742006,0,3.4524122033475826,1.937027770273382,0.16325865242354773
ENSG00000143320.9,1.7822289672631129,0.0988819840624689,0.8602811628387954,0,10.010931101183289,9.150649938344493,0.1633063320602294
ENSG00000196154.12,1.7894486246886927,0.09927140425127023,0.8289504704739574,0,8.198907468795412,7.369956998321454,0.16381419843443934
ENSG00000005243.10,-1.6945110147212796,0.10204737457863296,0.5658342858362628,1,4.654129703793585,5.219963989629848,0.1682561823225605
ENSG00000163132.8,1.694531778930887,0.10286400704679306,0.7459872629024495,0,5.478737689694303,4.732750426791854,0.1694629440639095
ENSG00000211664.3,1.6723394748594633,0.10296834772668147,0.47456429744259576,0,0.8708076998089159,0.39624340236632016,0.16949522259536046
ENSG00000230630.5,-1.7151385979530127,0.10457586263389249,0.7157740880367403,1,4.794253115512411,5.510027203549151,0.1719997740689021
ENSG00000167617.3,1.7521481344388503,0.10502133225900867,0.8162047721924193,0,6.06504491087133,5.2488401386789105,0.1725905213788146
ENSG00000054938.16,-1.7816981342185731,0.10620869499577033,1.2434018063863441,1,1.97484990745325,3.218251713839594,0.1743985139503618
ENSG00000231389.7,1.7450062263036807,0.10671018095537213,0.8660739631457037,0,5.226831531247389,4.360757568101685,0.1749347228776592
ENSG00000275713.2,1.7053214356185276,0.10668919181163701,0.7645238011901991,0,2.8756525392120005,2.1111287380218013,0.1749347228776592
ENSG00000180772.7,-1.7448686103589293,0.1078049971768316,0.8761699864333752,1,1.2232357336961834,2.0994057201295586,0.17658476196041212
ENSG00000120738.8,1.7183720252985846,0.10812855002146442,0.7593926953467287,0,7.457186145024953,6.697793449678224,0.17682510224278727
ENSG00000188931.4,1.7134300181771782,0.10808970826267307,0.7569248615455235,0,4.155195021228196,3.3982701596826725,0.17682510224278727
ENSG00000243238.1,1.6746874394348492,0.10829255796340222,0.8068225006947995,0,1.6632616107690026,0.856439110074203,0.17694862412320625
ENSG00000257017.9,1.6851827367977295,0.10930629590352535,0.8835225214455655,0,1.5441982671767676,0.660675745731202,0.17845925861800058
ENSG00000164616.16,-1.681707395481872,0.11146062004707251,0.6277908257725004,1,1.4582838182249203,2.0860746439974207,0.18182809143078713
ENSG00000228594.4,1.6674428050675265,0.11168294652831127,0.5912055140795314,0,4.561127587787905,3.969922073708374,0.18204229262968424
ENSG00000215187.12,1.641419949147142,0.11269758935054461,0.5214388947126074,0,1.9297514625649435,1.408312567852336,0.18354656246017037
ENSG00000250420.8,1.6760741844211207,0.11360607059978474,0.6834112770496907,0,1.4324037214042828,0.7489924443545921,0.18487562343333563
ENSG00000253838.1,1.6142107482230708,0.11392472327297559,0.43902634786457984,0,1.017927152077726,0.5789008042131462,0.18524345247638307
ENSG00000274373.1,-1.7077708806886651,0.1144559635548467,0.8373223064961282,1,1.80325044763319,2.6405727541293182,0.1859560740127485
ENSG00000196074.13,1.6486231062765118,0.11456279039850302,0.5413705229316341,0,2.1628754177408873,1.6215048948092532,0.18597855584172568
ENSG00000136574.18,1.6774966856754678,0.11523948833158959,0.7379018607783632,0,1.4865436579134192,0.7486417971350561,0.18692536631239187
ENSG00000105270.15,-1.673265466617442,0.11694044884752175,0.9058322079261263,1,5.466580912651264,6.372413120577391,0.1895307112601649
ENSG00000211670.2,-1.7412923002536653,0.11709798111788527,2.1201378011664076,1,1.0309125964431243,3.1510503976095317,0.18963235808564416
ENSG00000169429.11,1.6786889957368234,0.11721187828285744,1.0053023728992168,0,3.4608956006470017,2.455593227747785,0.18966323346740685
ENSG00000133392.18,1.6324721085542184,0.11743067826019943,0.5740435113825308,0,1.9571355096751393,1.3830919982926084,0.1898636673568301
ENSG00000182853.12,-1.6695818928637118,0.11796581398901473,0.8598696315313816,1,4.058902022374624,4.918771653906005,0.19057482066076695
ENSG00000180875.5,-1.711727123435219,0.11866931673488312,1.0737909794432536,1,1.6816801309859934,2.755471110429247,0.19155660489892354
ENSG00000167656.5,1.6649171914126508,0.11879604714355169,0.8208552922328844,0,1.6978846321647623,0.8770293399318778,0.1916065276508898
ENSG00000104833.12,1.6761692903318015,0.1194151343475782,0.9816555029297471,0,3.2521867233429353,2.2705312204131882,0.1924498539042356
ENSG00000170345.10,1.6674121361272283,0.12031852882459226,0.8455230295150429,0,6.804090221703492,5.9585671921884495,0.19374964383992313
ENSG00000160801.14,-1.6027463475883823,0.12114283707358312,0.6845031046272148,1,4.018412454543815,4.702915559171029,0.19492009183199213
ENSG00000111404.7,1.584480495034025,0.12135167675307455,0.43842101437464964,0,1.253651949837158,0.8152309354625085,0.1950991587670009
ENSG00000151640.13,-1.6410870675538516,0.12163495513001288,1.0072566629396467,1,3.8251546672403713,4.832411330180018,0.19539751828114518
ENSG00000164176.13,1.6611909236638622,0.12195366489508841,0.9188808931580223,0,3.5108707689429592,2.591989875784937,0.19575227109966037
ENSG00000101194.18,1.6548540283709896,0.12219424060462032,0.8038063391046046,0,3.004126926623408,2.2003205875188034,0.19598113970267894
ENSG00000173372.17,1.6286175694924205,0.122512395429801,0.7049607269803948,0,7.855409364700407,7.150448637720012,0.1963339670349375
ENSG00000157399.16,1.6041731034069313,0.12324460245791798,0.7142831196069586,0,2.7680022815065093,2.0537191618995507,0.19734924332733064
ENSG00000142449.13,-1.6413576165300856,0.12361713847887097,0.7308480258984518,1,3.33274265732661,4.063590683225062,0.19778742156619356
ENSG00000187772.8,-1.6188929611943836,0.12398008571019178,0.5909685446899293,1,2.3858876661472035,2.976856210837133,0.19820956948072227
ENSG00000177283.7,1.5873373380235059,0.1243641583798128,0.5560464671072829,0,4.970108913146988,4.414062446039705,0.1986647897441099
ENSG00000196368.5,-1.5918311871687578,0.1245504002677051,0.6930754050481265,1,3.949391364659656,4.642466769707783,0.19880351199952928
ENSG00000119147.10,1.6308506535361997,0.12504627170998053,1.0051877193902374,0,3.514049147010464,2.5088614276202263,0.19943584004781584
ENSG00000125869.10,1.6604905499047231,0.12526310092053047,1.3009235373559203,0,4.924829203626499,3.6239056662705784,0.19962247158650276
ENSG00000000005.6,1.6129577406075324,0.12638544048698944,1.2672568233149457,0,3.7396483187811866,2.472391495466241,0.20110445042067257
ENSG00000147255.19,-1.6373912783536644,0.1263941470893927,0.7905816499024176,1,1.7069747206150705,2.497556370517488,0.20110445042067257
ENSG00000204262.14,-1.5748868184914264,0.126794802396465,0.5540450652030904,1,7.158049505481398,7.712094570684489,0.20147071117298093
ENSG00000143355.16,1.5974344663968572,0.1268258126833915,0.5457868155192126,0,1.1953671941797586,0.649580378660546,0.20147071117298093
ENSG00000164266.11,1.6073324712097734,0.12806173161748627,0.9692084022293547,0,1.8882842393211485,0.9190758370917939,0.20313212491860946
ENSG00000269190.6,-1.6467722759096803,0.12807480476118327,0.8602593163213665,1,4.463250280670795,5.323509596992162,0.20313212491860946
ENSG00000076716.9,-1.597980114094094,0.12916398604437823,0.6024627805774054,1,5.770829018373827,6.373291798951232,0.20469728374703364
ENSG00000111885.7,1.6083743352132405,0.12988688487528408,0.6482695700037571,0,4.1056091476655645,3.4573395776618074,0.2056799443789138
ENSG00000168309.18,1.5957765081132402,0.1300329718338355,0.7831561722870326,0,3.684058096914447,2.9009019246274144,0.205748373154803
ENSG00000123560.14,1.587894818551341,0.13021369778758538,0.6141596274765984,0,1.649725029255048,1.0355654017784497,0.20587145895270414
ENSG00000127129.10,1.6325512953702472,0.13045481936590855,0.960408224678178,0,2.967262448872079,2.006854224193901,0.2060897620314511
ENSG00000101017.14,1.6423462518075942,0.13085198685634938,0.8995454981554181,0,4.133125924665596,3.233580426510178,0.20638998319258195
ENSG00000231156.1,-1.59844799306702,0.13095444433569323,0.8114334051180139,1,2.547117906104902,3.3585513112229157,0.20638998319258195
ENSG00000163710.9,1.6163338921363803,0.13075115337467688,0.7669714691729328,0,3.2865921704583396,2.519620701285407,0.20638998319258195
ENSG00000269993.1,1.5425720787287043,0.13126176565976108,0.5240149100659788,0,1.2729193660517912,0.7489044559858125,0.2067114419838757
ENSG00000104368.19,-1.5891939770736496,0.13313925127027668,0.667294790167948,1,4.433484315166843,5.100779105334791,0.20950314912710727
ENSG00000060718.22,1.5941530766076006,0.13352397883992537,1.2464170128418917,0,3.9148925677034163,2.6684755548615247,0.2099433629558575
ENSG00000127324.9,1.5693604645979327,0.13417174602160215,0.7585242400386085,0,2.9708360875586997,2.212311847520091,0.21063068449231104
ENSG00000148926.10,1.5985306112516382,0.1341097008099803,0.7389097326371914,0,5.408678942431052,4.669769209793861,0.21063068449231104
ENSG00000178222.13,-1.6148327310512178,0.13489500963586845,1.2595753657703006,1,2.5839666002495254,3.843541966019826,0.2113447253350579
ENSG00000144681.10,-1.618085622618095,0.13494360712643447,0.9946894388117371,1,1.9075296895331217,2.902219128344859,0.2113447253350579
ENSG00000176153.12,1.5592260751708664,0.13477952885943562,0.5241404713557914,0,1.2694548477627583,0.7453143764069668,0.2113447253350579
ENSG00000166250.12,-1.539816082169984,0.13613890275344434,0.5201624055069152,1,4.210634263428876,4.730796668935791,0.21304992606172823
ENSG00000105290.13,1.5902148239850187,0.13726011740719604,0.768442173912895,0,5.642484672942131,4.874042499029236,0.214636618306796
ENSG00000111799.21,-1.5705979703752229,0.13755431585484326,0.7351354175563793,1,5.448615359830992,6.183750777387371,0.21476083661958353
ENSG00000153789.13,1.5334246570140482,0.13748691225446663,0.4830762974134153,0,1.1568446105200112,0.6737683131065959,0.21476083661958353
ENSG00000138795.10,1.5301149731885861,0.13778773569273686,0.45570072359745994,0,4.374923001619083,3.9192222780216235,0.2149574659793087
ENSG00000203706.8,1.5840263883132177,0.13827476588696322,0.8078823380193807,0,3.7912986833046927,2.983416345285312,0.21554912842862545
ENSG00000250669.1,-1.6033210882304578,0.13959890850757256,0.9637186851268236,1,1.1109130731841923,2.074631758311016,0.21744378272207565
ENSG00000173530.6,1.588932232509968,0.1402156501369841,0.8458727500532492,0,3.91484059362071,3.0689678435674606,0.2180647747075958
ENSG00000145721.12,1.5388128581585219,0.14014031175975053,0.5589508437492279,0,2.0320560753843497,1.4731052316351219,0.2180647747075958
ENSG00000143995.20,1.5407603319979095,0.14110494192605078,0.6254381239671423,0,4.252974100448675,3.627535976481533,0.21927729903038193
ENSG00000164692.18,-1.5224990836632692,0.14140223252786982,0.6361134780125095,1,9.365554765638315,10.001668243650824,0.2195686840494873
ENSG00000177363.5,-1.5436635997386954,0.14246018527440027,0.5826304175412065,1,2.5144793744845884,3.097109792025795,0.2210398530246707
ENSG00000136155.17,1.5591501103020193,0.14487777157555257,0.7471133644640933,0,1.9447785263237032,1.19766516185961,0.22461670011713578
ENSG00000178934.5,1.5174670255843092,0.14866563549138875,0.7273035762836364,0,2.732605503473618,2.0053019271899815,0.2303108218301917
ENSG00000154175.18,-1.525585615121243,0.14915981020862756,0.6177165230502304,1,2.067814556025786,2.6855310790760165,0.2308975390226433
ENSG00000198054.12,-1.5482251925689696,0.14932200678253268,1.3311002770396336,1,3.1137400682103986,4.444840345250032,0.23096984807816348
ENSG00000134240.12,1.4950098235456661,0.15036519911612994,0.6796187240224529,0,1.5803523379898496,0.9007336139673967,0.23240370806202468
ENSG00000197380.11,-1.5094502444822528,0.15057651313923615,0.5800931730630801,1,4.2267852026129455,4.806878375676026,0.23255059944283574
ENSG00000181234.9,-1.5543119024661367,0.1511216233737442,1.1058909948922526,1,1.1826142502583186,2.288505245150571,0.23321238174960524
ENSG00000105369.10,-1.556360147039695,0.15288262462329966,1.008134582200402,1,1.892951575507874,2.901086157708276,0.2357480718940627
ENSG00000118137.10,1.4562759110021548,0.15319389345669118,0.6372619692802906,0,2.513033126171645,1.8757711568913547,0.23604606079613433
ENSG00000173432.12,1.5352766334538939,0.15432966294853706,1.441653581618708,0,3.6791663252196005,2.2375127436008926,0.23758951723066438
ENSG00000172005.11,1.4724479602913199,0.15443318619993185,0.7899937050731345,0,4.787123285402305,3.99712958032917,0.23758951723066438
ENSG00000163395.17,-1.5280290759928092,0.15627193754556057,0.8786750421793423,1,1.7392560738897826,2.617931116069125,0.24023357040055432
ENSG00000137440.5,1.5089232233274696,0.1572471164207904,0.7944512481804078,0,1.9440781201178767,1.149626871937469,0.24154702983224333
ENSG00000095321.17,1.515473070713695,0.15773948803571186,0.8949410853170083,0,4.2275768314013185,3.33263574608431,0.24209684377771964
ENSG00000006468.14,1.4919821365498311,0.1578471421430732,0.6533214897449939,0,2.903386398551748,2.250064908806754,0.24209684377771964
ENSG00000181291.8,-1.527786278521962,0.15967579083799296,1.009978721264222,1,1.1163454158017192,2.126324137065941,0.2443393891935623
ENSG00000134533.6,1.4805452669459123,0.15953520375846908,0.6062242197119176,0,3.3805848264980134,2.7743606067860958,0.2443393891935623
ENSG00000167768.4,1.4376003750879214,0.1596174884549466,0.4551800962931285,0,0.8182606228699738,0.3630805265768453,0.2443393891935623
ENSG00000129946.10,-1.4914319895805586,0.1603300965566982,0.7549121867771982,1,3.768470419115573,4.523382605892771,0.24515305283898806
ENSG00000130558.20,-1.4848394049084057,0.16190314452325616,0.690376465792786,1,1.7911783812885076,2.4815548470812936,0.24736920477197277
ENSG00000179528.16,-1.4889661449345257,0.16212890019852674,0.6734725473682284,1,2.297672552222662,2.9711450995908906,0.2475250384710332
ENSG00000198846.6,1.5018352855027832,0.1627605043271909,0.849191990816299,0,3.581513381481436,2.732321390665137,0.2482997777684072
ENSG00000184613.11,1.4786202680968645,0.16479267593760372,0.8688440600505412,0,3.661673261076969,2.7928292010264277,0.25120834746585935
ENSG00000107807.13,-1.481078952012246,0.16681717243126865,0.8902004235231404,1,1.6659052102308956,2.556105633754036,0.25410079578258743
ENSG00000159189.12,1.4531115975859619,0.16695908107374885,0.6396319940024355,0,7.617229747307366,6.977597753304931,0.25412341107115505
ENSG00000274520.1,1.4457155134534494,0.16911354857046704,0.7558999388784446,0,2.2439774705337836,1.488077531655339,0.25720691797789663
ENSG00000286214.1,-1.4749818560033845,0.16937020689876398,0.7914977987909622,1,1.8670177908710455,2.6585155896620076,0.25740153024128265
ENSG00000254585.5,-1.4750813349702312,0.16974545165511065,1.117575428218064,1,3.051503573551585,4.169079001769649,0.2575925792492257
ENSG00000141574.8,1.460233833943282,0.16975350972523973,0.720411239301185,0,3.945214672733749,3.224803433432564,0.2575925792492257
ENSG00000263834.1,1.4200489681982686,0.17032668442968316,0.6012927881361843,0,2.4628558260464852,1.861563037910301,0.2582663903406871
ENSG00000175745.14,1.430241505869075,0.17066836117460188,0.5966143016536813,0,4.603891698151103,4.007277396497422,0.25858842602212406
ENSG00000179059.10,-1.4768875943934683,0.17126455223423676,0.9455353393313496,1,0.7123421583421271,1.6578774976734767,0.25929530996856437
ENSG00000176165.12,1.45896921230192,0.1720203541351195,1.0177612832008467,0,2.5486091752937994,1.5308478920929527,0.260242593245264
ENSG00000213937.4,1.43489836193132,0.1726881815670604,0.8113539419419826,0,3.5550746563864863,2.7437207144445037,0.26085828031278
ENSG00000184937.16,-1.4073742679438237,0.1725772732024428,0.44824550574800104,1,1.6902962476837355,2.1385417534317366,0.26085828031278
ENSG00000130035.9,-1.4295415443581998,0.17354358144531506,0.6122102485611245,1,1.64379138118589,2.2560016297470145,0.2619525757665133
ENSG00000184160.8,-1.4096575857293998,0.1739637730149433,0.5121331578158959,1,4.283970372592521,4.796103530408417,0.26238879791092506
ENSG00000101144.13,-1.383283162491923,0.17449393671186708,0.5246486638352161,1,5.361213139743561,5.885861803578777,0.2628876126183441
ENSG00000162552.15,-1.4184589372833905,0.1745573747785805,0.5174690813581542,1,2.3379252928299703,2.8553943741881245,0.2628876126183441
ENSG00000163879.11,1.458531252289391,0.17483490653974149,0.9977065612848568,0,4.419401336358554,3.4216947750736972,0.2631074590515297
ENSG00000087494.16,1.4371879406123163,0.1756689130626937,0.7373355453690018,0,2.5427044192708856,1.8053688739018838,0.2641637790416446
ENSG00000164932.13,-1.4063106593776467,0.1770278836558488,0.5667386284440559,1,7.145358709457465,7.712097337901521,0.26600733832584345
ENSG00000180739.14,1.400194576483844,0.1773360458605614,0.4881571073841082,0,2.302174276667659,1.8140171692835507,0.26627033912997206
ENSG00000181690.8,-1.412525512214847,0.1786006269674439,0.5552777356528207,1,2.3686317224326245,2.9239094580854452,0.2679679324342744
ENSG00000153993.13,-1.424906807752005,0.17974265932750258,0.6567957341294792,1,1.7946752180364154,2.4514709521658946,0.2694792493665706
ENSG00000139200.14,1.4361075374287933,0.18025947364242523,0.9748014876041657,0,3.892476322567951,2.917674834963785,0.26986706104365865
ENSG00000204175.5,1.418914555841619,0.180271196777164,0.7537678765767102,0,2.814739247645253,2.060971371068543,0.26986706104365865
ENSG00000197705.10,-1.4177741320466974,0.18124409996522886,0.7413560813377349,1,3.385224941765666,4.126581023103401,0.2711205683847851
ENSG00000165168.8,1.4187290183965409,0.1817094189058674,0.6570156239624443,0,3.652424413418076,2.995408789455632,0.27161348117468964
ENSG00000120332.16,-1.4113313725817627,0.1828778332281413,0.6700070133906642,1,1.2692461949145308,1.939253208305195,0.27315583753269795
ENSG00000183971.10,1.3784175372736753,0.18309510683605026,0.6476139577015374,0,4.851205662218185,4.203591704516648,0.2732762788597765
ENSG00000044524.11,1.4101570881847598,0.18371500049030992,0.8259307108408,0,2.622970154267097,1.7970394434262968,0.27399701788263975
ENSG00000135925.9,-1.4148132988100492,0.18523723051216673,0.7759709255084348,1,3.560926418656552,4.336897344164987,0.27606144636686547
ENSG00000175356.14,1.3737772652330467,0.18571895878009004,0.4812702289501136,0,2.3115367421363104,1.8302665131861968,0.27657328187653024
ENSG00000132561.14,-1.4159565157677247,0.1865863907845993,0.8273074945007624,1,4.7157143913910256,5.543021885891788,0.2774518822075826
ENSG00000111341.10,1.390816034533841,0.18657848285121637,0.6888898867262263,0,7.655787558620716,6.96689767189449,0.2774518822075826
ENSG00000213058.3,-1.4119700731665201,0.1868123726180013,1.2523590933924886,1,2.5915803396146355,3.843939433007124,0.27758153435067057
ENSG00000109107.14,1.4023086329010463,0.18883051774691886,0.908320915868122,0,4.138798256223937,3.2304773403558147,0.28037196398948605
ENSG00000262655.4,1.393929871132658,0.18986928172861603,0.7687572373238645,0,4.860796976763957,4.092039739440093,0.28168350074740056
ENSG00000079931.15,-1.3663511323209965,0.19013636300449535,0.6587984201670638,1,4.777442483514867,5.436240903681931,0.28168350074740056
ENSG00000183114.8,-1.363966697711571,0.19007889558485744,0.599122301263876,1,3.1542509402740744,3.7533732415379504,0.28168350074740056
ENSG00000106366.9,1.3953988017790198,0.19094557372023038,0.7670651491756351,0,4.768982465816066,4.001917316640431,0.28240309227378696
ENSG00000197172.10,1.3534545118627874,0.19104569192321688,0.6208229504376999,0,1.00492714758902,0.3841041971513202,0.28240309227378696
ENSG00000197769.6,-1.3638362722998782,0.19101803825705943,0.5027309204556478,1,2.412714487698532,2.91544540815418,0.28240309227378696
ENSG00000231476.1,-1.4073286898995474,0.1929347127112495,1.0546872676887027,1,0.6795574930498854,1.734244760738588,0.2847755089014908
ENSG00000185507.21,1.3890774815910962,0.19293540728076,0.7850205923801941,0,5.376665976982353,4.591645384602159,0.2847755089014908
ENSG00000189064.8,-1.4086650116430766,0.19374225593085284,1.5012402252499601,1,0.6719619228162274,2.1732021480661876,0.2857555397210219
ENSG00000106484.16,-1.3814295908343206,0.19605240208944602,1.1361861688142367,1,7.4257658664244195,8.561952035238656,0.2887369692038969
ENSG00000268903.1,1.3860584120155168,0.19602195112482612,0.8462340135493225,0,3.0568253022449317,2.210591288695609,0.2887369692038969
ENSG00000165379.13,1.3602956068942251,0.1962298111154526,0.6102248759012039,0,1.9627908788407602,1.3525660029395563,0.2887855939888927
ENSG00000179542.16,-1.3784685918330903,0.19692752021601656,0.7556932174193192,1,1.3202277255773793,2.0759209429966985,0.28959929443531846
ENSG00000224413.1,-1.3808514871146904,0.1971844352904536,0.8139859825447715,1,1.322914174625919,2.1369001571706905,0.2897640489205784
ENSG00000201700.3,-1.3835288019926169,0.19753009856611298,1.0956748402972505,1,1.359757025169572,2.4554318654668226,0.2898460727309068
ENSG00000124237.6,1.328234919593117,0.19747847046144748,0.7285426602884222,0,2.0700458507720474,1.3415031904836252,0.2898460727309068
ENSG00000104415.14,1.346454282670951,0.1986955565135032,0.6672503685619655,0,3.206956759347259,2.5397063907852937,0.2913424582309431
ENSG00000173369.17,1.336934514368039,0.20003118115966317,0.6036571567697981,0,7.540398089907576,6.936740933137778,0.29308597972111816
ENSG00000277749.1,1.3503888554786754,0.20044333694243388,0.6439286188765572,0,1.6120627904896485,0.9681341716130913,0.2934748710723776
ENSG00000071794.16,-1.3403468022611578,0.20207392133997532,0.6038540672351789,1,3.2919363875281147,3.8957904547632936,0.29564582493046865
ENSG00000112280.17,1.328944705636027,0.2026525403042265,0.821931200174502,0,2.5503469325694135,1.7284157323949114,0.2962756437196294
ENSG00000198759.12,-1.337955265259939,0.20389611018816609,0.871354734724437,1,4.897151815680495,5.768506550404932,0.29787598274385113
ENSG00000173110.8,1.3379350246243187,0.20579754617137455,0.7329720627368128,0,3.541018883533494,2.8080468207966813,0.3004343739728096
ENSG00000125848.10,-1.3203826307699977,0.20624240359255816,0.5143686824908693,1,3.4063581771714877,3.920726859662357,0.3008641919658033
ENSG00000110195.14,1.3101673625843595,0.20802567755852988,0.6430812669278385,0,4.816262787297428,4.17318152036959,0.30324442792788614
ENSG00000189129.14,-1.2927185680486544,0.20865540091942814,0.5366346638228978,1,3.8273828732200825,4.36401753704298,0.30394086077119903
ENSG00000167641.11,-1.3351754810229814,0.209222091357967,0.7157039609529932,1,4.481509485367838,5.1972134463208315,0.3045445289053377
ENSG00000007350.17,-1.3391050030415328,0.20961963515776944,1.0890379799125083,1,1.2560116818387028,2.345049661751211,0.30467970226419977
ENSG00000132840.10,-1.3446874916066545,0.2095331102742756,0.8803930553543877,1,1.9596520418875418,2.8400450972419296,0.30467970226419977
ENSG00000170965.10,-1.3332099005558156,0.21099139739788988,0.8921576390440005,1,2.340961427115945,3.2331190661599454,0.30645083136948426
ENSG00000171346.16,1.3354296785450037,0.21163131706121538,0.916185003742494,0,1.8469845783154355,0.9307995745729415,0.30715720908739536
ENSG00000142798.20,-1.3296816168948158,0.21195605457973576,0.7422098734754714,1,4.738238366987025,5.480448240462496,0.30724258539007754
ENSG00000132437.18,1.2703326829212345,0.2119973839191535,0.39736309559468463,0,1.1420858399696812,0.7447227443749965,0.30724258539007754
ENSG00000277977.1,-1.3153748685805995,0.21334862132521462,0.6427492310600713,1,3.7999412187181902,4.4426904497782616,0.30895482688859754
ENSG00000117983.17,1.3033342730652955,0.21348778538002092,0.6163486956038822,0,1.1161512030358998,0.49980250743201765,0.30895482688859754
ENSG00000137142.5,-1.3118190461283605,0.214268618229541,0.6282207738028696,1,3.1071800583590705,3.73540083216194,0.30986061927627045
ENSG00000117228.10,1.2897040286082555,0.21456012033508542,0.46732615197894,0,4.0928728279284075,3.6255466759494674,0.31005797736284024
ENSG00000283023.1,-1.3207316199670924,0.21489935412793182,0.802143704316786,1,1.4733021248662912,2.2754458291830773,0.3101000781066837
ENSG00000079215.14,1.3008521614508008,0.21483942784482357,0.5983076736975699,0,3.6932740661568153,3.0949663924592454,0.3101000781066837
ENSG00000228952.1,-1.3115345781290408,0.21548955010403914,0.6718490109442103,1,2.2564738687044934,2.9283228796487037,0.3107275416064011
ENSG00000160111.14,1.29540245824969,0.21575197350164996,0.5448805300420445,0,3.7102357311185883,3.165355201076544,0.3108818061983429
ENSG00000234068.7,-1.3241025707116363,0.21599279108075287,1.7146398298205983,1,1.466368004198652,3.1810078340192502,0.31100473877718193
ENSG00000235688.2,-1.3052702662324058,0.217378418078189,0.8914376090962948,1,1.9037519989162852,2.79518960801258,0.3125498462662675
ENSG00000040731.10,1.294148342287421,0.21732497175158716,0.5470914643418335,0,1.4437713669588186,0.896679902616985,0.3125498462662675
ENSG00000123364.5,-1.289207297591972,0.21842123541993397,0.8457830292715756,1,1.7435810124833664,2.589364041754942,0.31382361410910053
ENSG00000182742.6,1.3120580624258569,0.2193242905612119,0.9312487242967453,0,4.092179571625045,3.1609308473282995,0.3148948895351211
ENSG00000148935.11,-1.284457163423069,0.22141682988778083,0.8825747760376816,1,3.2163922986530857,4.098967074690767,0.3176712050039897
ENSG00000114113.6,1.2447689183883948,0.22170745851617749,0.377633448512841,0,1.2024525884146282,0.8248191399017872,0.3178601555787491
ENSG00000287388.1,-1.3021942627582719,0.22207107516842317,0.8944247332855453,1,1.2804314147647096,2.174856148050255,0.31815340282009047
ENSG00000241755.1,1.2556887043269287,0.22363764757870394,0.6093421225000666,0,1.85827468348754,1.2489325609874735,0.3199394099838397
ENSG00000282639.1,1.2648561076341418,0.22353143988554836,0.5417320097819527,0,1.0926279982740388,0.5508959884920861,0.3199394099838397
ENSG00000088882.8,1.291295811823742,0.22397821319976682,0.9705995989473486,0,7.861282761981815,6.890683163034466,0.3201975885629261
ENSG00000276980.1,1.2656389625984126,0.22427775901274477,0.5487628241822977,0,1.0888134333499269,0.5400506091676291,0.3203967985896354
ENSG00000121742.19,1.2742093789373512,0.22449278831777536,0.543567072691084,0,1.57340719375634,1.0298401210652561,0.32047507254500407
ENSG00000137077.8,1.2666870652079765,0.22654660597496862,0.9045914560385793,0,3.324572531434068,2.419981075395489,0.3231763280670023
ENSG00000278952.1,1.285869147617733,0.22779350743573762,0.7616024145211668,0,2.412399122548601,1.650796708027434,0.3247234603503031
ENSG00000101938.15,1.2668192599983996,0.2281616579973449,0.6407077968646733,0,3.284750958498433,2.6440431616337596,0.3250166068338246
ENSG00000181374.8,1.2706325314350084,0.22858213256893434,0.7652713677167156,0,2.2222835697191003,1.4570122020023848,0.3253838186034652
ENSG00000169169.15,1.2794802310651219,0.2293224271289096,0.7255659036010171,0,4.369648411643282,3.6440825080422647,0.32620544399560397
ENSG00000183186.8,-1.2718285492605834,0.23093285819440224,0.7628505882218566,1,1.6728751648294071,2.4357257530512637,0.32826276928841824
ENSG00000168843.14,1.2221806698383946,0.23399603186510098,0.5055941270056177,0,1.6150785772262954,1.1094844502206778,0.33238072708110933
ENSG00000157570.12,-1.2249887350493598,0.23454770941919495,0.4195155864476501,1,4.383583624386865,4.803099210834515,0.3329279054921149
ENSG00000105695.15,1.2143293034098896,0.23523217102086905,0.4070628378580875,0,1.2821670281406201,0.8751041902825326,0.33366265393031075
ENSG00000166426.8,1.2419109515082802,0.23732084473829917,0.9413974599807924,0,6.744901343858765,5.803503883877973,0.33638673952983583
ENSG00000123080.12,1.2282329840600366,0.2394900443020423,0.6212422991045043,0,4.588023207802981,3.9667809086984764,0.33922102592357267
ENSG00000167711.14,1.2081624359552945,0.23982870669293477,0.4721256627866133,0,2.9040075251442676,2.4318818623576544,0.3394603067132835
ENSG00000159182.5,-1.23426189328701,0.24091292394618466,1.0250183179755932,1,2.238551303298322,3.2635696212739154,0.34075378210209994
ENSG00000120057.5,1.2084335100195651,0.2421098523325667,0.5556767111892764,0,2.5391994761165138,1.9835227649272373,0.34220473827924625
ENSG00000125879.5,-1.1966687532175966,0.24254621763255857,0.5875062675976577,1,1.2441830034088792,1.831689271006537,0.34233763956606716
ENSG00000165152.9,-1.2230065671023742,0.24249930693438732,0.5602045620984701,1,2.4912636194751463,3.0514681815736164,0.34233763956606716
ENSG00000183837.9,-1.2059429055395172,0.24323418239577727,0.426299568462186,1,4.3067302166805,4.733029785142686,0.3430665478078664
ENSG00000272438.1,1.240662847427442,0.2437739681667916,0.7622470750534269,0,3.234205947958401,2.471958872904974,0.34358557881154556
ENSG00000211900.2,-1.2461831502902623,0.2441133655067346,1.1985485240528426,1,0.8454447280277583,2.043993252080601,0.34382164155878114
ENSG00000106004.5,1.1947264914547349,0.24430013070391302,0.48116309644964605,0,4.8147684840542695,4.333605387604623,0.3438425484924884
ENSG00000267466.1,1.2261535217083461,0.24577213631446812,0.6201082876569897,0,1.8031940949351704,1.1830858072781807,0.3456710777981268
ENSG00000124479.11,1.2175790296408613,0.2484949333303042,0.6323625814421487,0,1.925795020248011,1.2934324388058622,0.3492550011669771
ENSG00000148848.14,-1.204292563112432,0.2497294287261872,0.5431436377151191,1,3.134496158086046,3.677639795801165,0.35074357967161124
ENSG00000078081.8,1.1838983204939724,0.2504262454828616,0.4206792552612786,0,2.61857938344691,2.1979001281856316,0.35147543225664785
ENSG00000275385.2,1.2173887314155154,0.25113704785449587,0.976606896869429,0,2.5838908924667163,1.6072839955972873,0.35222587356871793
ENSG00000276758.1,1.1849307636571342,0.2513144093338281,0.429314969549194,0,1.121150046733523,0.6918350771843289,0.3522276234531578
ENSG00000249196.6,-1.2140829806715314,0.25154095905614954,0.7161618576856662,1,0.6373043221009659,1.353466179786632,0.35229826198340275
ENSG00000233608.4,1.1999939677249392,0.2519489440269732,0.6747742310080822,0,4.481791486030795,3.8070172550227124,0.3526227348173173
ENSG00000224109.3,1.1790370041918627,0.252637978694129,0.45776626904035567,0,1.2812096890543705,0.8234434200140148,0.3533398303414392
ENSG00000164330.17,1.187625607360738,0.2547895391038629,0.4802112835931731,0,3.7752200290610447,3.2950087454678716,0.3560999847712969
ENSG00000143556.9,1.1604424637510464,0.2577894083896112,0.6467594065624647,0,2.0204560083162524,1.3736966017537877,0.360041073169848
ENSG00000184347.15,1.1876539224518283,0.2592759387204291,0.6130443430532528,0,3.2987527206401146,2.6857083775868618,0.3618645341527273
ENSG00000178882.15,-1.150300820705213,0.2598889966893769,0.4856637427581667,1,4.3111961511342605,4.796859893892427,0.362467219929396
ENSG00000163421.9,-1.1856586482474223,0.26037629960143466,0.6576941876013247,1,1.9094734451379296,2.5671676327392543,0.3628937973539159
ENSG00000287252.1,-1.1760434607932693,0.26145349502266807,0.524652278690654,1,1.3958670105378133,1.9205192892284673,0.3641413579702898
ENSG00000105131.8,1.171444091182655,0.2632016095596852,0.5265463104963477,0,1.805877368969241,1.2793310584728932,0.3663209597212042
ENSG00000132128.16,1.1903093946045478,0.26384946685953475,0.9332559687387754,0,4.874176405181014,3.940920436442239,0.36696726962383136
ENSG00000104219.13,1.174295026636253,0.264894301202206,0.6642112693309281,0,3.3196478707823243,2.655436601451396,0.36804986683927954
ENSG00000156234.7,1.1449684106349194,0.26499590412428126,0.5034733608599411,0,2.611294696174556,2.1078213353146147,0.36804986683927954
ENSG00000229391.7,1.1524242867803713,0.2661597007027938,0.5087514617510251,0,4.357517653113198,3.8487661913621727,0.3694097164507895
ENSG00000136235.17,1.1692630781126976,0.266519138882424,0.5831130082342311,0,5.902416586273572,5.3193035780393405,0.3696520650241664
ENSG00000134138.20,1.1475939535577924,0.2717762854449534,0.488837103107151,0,3.1456044182265566,2.6567673151194056,0.3766823083090138
ENSG00000105642.15,1.1504058319274209,0.2722693655668846,0.5613728042513126,0,2.558763949844048,1.9973911455927356,0.3771043844416684
ENSG00000132854.19,-1.1214255875970562,0.2734122360916999,0.38903429570691106,1,4.433031249029997,4.822065544736908,0.3784252402653286
ENSG00000115009.13,-1.1409388249034342,0.274624873688356,0.6002412438180671,1,2.458169767518958,3.058411011337025,0.37984076582068604
ENSG00000198883.12,-1.1642804946538055,0.2750486314514612,1.2279254830328927,1,0.5876391931115884,1.8155646761444812,0.38016396883408593
ENSG00000130203.10,1.1239675269423148,0.2762717433947883,0.4053783990143476,0,9.405927593924735,9.000549194910388,0.3815908057939065
ENSG00000198797.7,-1.1228513094115318,0.2766472958840864,0.42682053009851173,1,1.7586724828462887,2.1854930129448005,0.38184581902565407
ENSG00000231245.2,-1.1443209563016206,0.2774077530849599,0.6130451887131709,1,1.170917255643847,1.783962444357018,0.38263138356546195
ENSG00000185664.14,-1.1543232484818695,0.2776801618701665,1.0712655342551587,1,2.2266553575881,3.2979208918432588,0.38274315902159406
ENSG00000142549.9,1.121650482066468,0.2805851271924467,0.7873858350633975,0,4.528190431121048,3.74080459605765,0.3864808914496511
ENSG00000204248.11,-1.0996078120122865,0.2819664870567315,0.5412494017256382,1,4.216955605313824,4.758205007039463,0.38784936321421115
ENSG00000012124.17,1.1098273657409377,0.28189564894470637,0.49197181470117024,0,1.8618002433447096,1.3698284286435394,0.38784936321421115
ENSG00000130600.19,1.1061393200951684,0.2827926257164788,0.9086487383697683,0,5.940499440869703,5.031850702499935,0.38871838586457563
ENSG00000162344.4,1.0920412771954178,0.28344414291285824,0.40330690199584307,0,1.4240643233171892,1.0207574213213462,0.38934635015502506
ENSG00000146374.14,-1.1115139995060601,0.2888256788889466,0.5740239982066835,1,3.0872748181413185,3.661298816348002,0.39646627163891096
ENSG00000133048.13,1.1020689496937444,0.2898208104747873,0.7751708389433221,0,4.976718556326778,4.201547717383456,0.3975594108021774
ENSG00000149591.17,1.0925665636371793,0.2907467792063831,0.41301662939258676,0,5.150795820377831,4.737779190985244,0.39855624291485003
ENSG00000186340.16,-1.0967738507677773,0.2910222580205911,0.5795099245538893,1,3.068740672339409,3.6482505968932983,0.39866062742546726
ENSG00000188573.8,-1.0975916186307912,0.29251354448455874,0.5218375331886009,1,3.1326278212701233,3.6544653544587242,0.400429219006925
ENSG00000135333.14,1.0853607819602993,0.29298091388821945,0.41768394398631115,0,2.881042912020854,2.4633589680345427,0.4007946838416135
ENSG00000099617.4,-1.1043885300789535,0.29369134322057683,0.7415429637903053,1,1.5620021812616454,2.3035451450519506,0.4014919251135705
ENSG00000215808.4,1.0936031859875746,0.294760904348602,0.5183247046257071,0,2.096229338731321,1.5779046341056138,0.40267883107732516
ENSG00000269981.1,1.09737542921888,0.29578004974378447,0.6131008791414962,0,2.7639870243863576,2.1508861452448613,0.40379528975260676
ENSG00000209082.1,-1.1048146286465743,0.2961635425413118,0.7058630578370924,1,2.7130253753201163,3.4188884331572087,0.4040430321163871
ENSG00000078725.13,1.0882860014600204,0.29720434259630474,0.6138356665433156,0,1.7538434236719234,1.1400077571286078,0.40491054849632796
ENSG00000137868.19,-1.091114239945683,0.29712343477019215,0.5520525900644433,1,4.717325400014361,5.269377990078804,0.40491054849632796
ENSG00000178568.15,1.0806748106821789,0.298121119074988,0.445348452678866,0,2.0035550253591143,1.5582065726802483,0.4058830756637005
ENSG00000154975.14,1.0748004104727988,0.29881541418136187,0.5430863990009815,0,1.7763845033128984,1.2332981043119169,0.4065515839202202
ENSG00000165973.19,-1.07896185786738,0.29935779017900777,0.5035989355775594,1,1.640355256492746,2.1439541920703054,0.4070126311067407
ENSG00000019991.18,-1.0776932769254473,0.3008906471761248,0.632217588874793,1,1.8658992872766473,2.4981168761514403,0.4085412724726745
ENSG00000173698.18,1.0743886957993,0.3008625834892172,0.5183490429490467,0,2.705177733088967,2.18682869013992,0.4085412724726745
ENSG00000111186.13,1.070609334917442,0.3013042039543078,0.44367837941012134,0,4.299449235552132,3.8557708561420103,0.4088252428145289
ENSG00000162595.7,-1.075041143545887,0.30281846307938887,0.51805707109453,1,3.0955739230921626,3.6136309941866926,0.4106013058703578
ENSG00000124260.12,-1.0934508791546316,0.3033237826749246,1.0087727379757054,1,0.8555342601099368,1.8643069980856422,0.41100783560287885
ENSG00000243955.6,1.0538270084595256,0.30787223890300736,0.5663313590715835,0,1.7239833849083244,1.1576520258367409,0.41673400410964057
ENSG00000110245.12,1.029684202683439,0.3079664290370244,0.2810561184821212,0,0.6928000112351196,0.4117438927529984,0.41673400410964057
ENSG00000138135.7,1.0636372203951339,0.30969383277281143,0.5755990624134344,0,2.87524756158636,2.2996484991729256,0.41878814438514056
ENSG00000266709.1,-1.065812149129159,0.3104019485292271,0.6368825329890242,1,1.75243011802458,2.3893126510136042,0.41946209260706363
ENSG00000204347.4,1.0507081262326585,0.31099256865600045,0.540183330646592,0,2.161016776299261,1.620833445652669,0.41991800525164336
ENSG00000137070.18,-1.0456538428694244,0.3111592418914677,0.40045704423911577,1,4.986906199216648,5.387363243455764,0.41991800525164336
ENSG00000121089.4,-1.0538419538975656,0.3129475952796649,0.5067634454230125,1,4.13438492885225,4.641148374275263,0.42176225778930587
ENSG00000091129.21,1.0285307863077533,0.31286452913977736,0.3244874649976732,0,3.2794751712162182,2.954987706218545,0.42176225778930587
ENSG00000214107.8,-1.0560314984250156,0.3159052807246103,0.9105261885077008,1,0.6745691980954663,1.5850953866031672,0.4254616575415628
ENSG00000108700.5,1.0424843717762546,0.31650801161610037,0.47951062712693515,0,2.8248102481924513,2.345299621065516,0.42598655668384977
ENSG00000089472.16,1.0465525907708306,0.3167982182722123,0.5741219214167774,0,2.7280910116001755,2.153969090183398,0.4260904078980663
ENSG00000198768.11,1.027002887655372,0.319422555286877,0.4768387682449653,0,2.7455361061822643,2.268697337937299,0.4292444488703359
ENSG00000165643.11,1.025099916650214,0.3195724921839651,0.4289067474904502,0,1.1433316346875262,0.714424887197076,0.4292444488703359
ENSG00000109610.6,1.0368512403631498,0.3204536980068821,0.5066009067317365,0,4.911730318161618,4.405129411429882,0.43013919195554645
ENSG00000134873.10,1.0209806507419512,0.32256076863669847,0.39550460270837684,0,3.03935358073308,2.643848978024703,0.4326770873731703
ENSG00000146453.13,1.0206848789816214,0.3236309797291598,0.6052205708185276,0,1.6210265320342618,1.0158059612157342,0.43382168864498627
ENSG00000010438.17,1.0185948408421377,0.32509482499243125,0.47814460921965063,0,1.8445791253537152,1.3664345161340645,0.43549206295034326
ENSG00000260428.3,-1.008923507659631,0.3261036355673905,0.5647427247245842,1,6.241115036534768,6.805857761259352,0.43625904423731177
ENSG00000157150.5,-1.0301611860060753,0.32603734264889295,0.5540395349196883,1,1.4912894499997076,2.045328984919396,0.43625904423731177
ENSG00000164308.17,1.0203446192079615,0.3269945527588417,0.5174145182038319,0,2.884247459336621,2.366832941132789,0.43715849299310383
ENSG00000172247.4,-1.00940782223184,0.32744155165162847,0.38437424626130756,1,2.684884501318514,3.0692587475798216,0.43746366286122707
ENSG00000170893.4,-1.024793560180194,0.3278924882079103,0.5636230359662482,1,1.1309140675326448,1.694537103498893,0.43777368252057447
ENSG00000135447.17,-1.0044360200960067,0.3299474068774799,0.41894584520838407,1,2.854477551233924,3.273423396442308,0.4402233580753568
ENSG00000171551.12,-1.0150900029242957,0.3301802753671724,0.5771705618221414,1,3.974347785377864,4.551518347200005,0.44024036715622994
ENSG00000286299.1,-1.030554103240537,0.3305309170008586,0.8249993268725915,1,1.2999677758536607,2.124967102726252,0.44041427981460174
ENSG00000166292.12,0.9994861741505079,0.33168828089572255,0.46115238184694896,0,3.382378101616826,2.921225719769877,0.4414701931798872
ENSG00000138207.14,0.9938454913442394,0.33176485017468527,0.4514848564566165,0,3.7552655158761596,3.303780659419543,0.4414701931798872
ENSG00000204389.10,1.0055286271315946,0.3350601686465896,0.6429332686111833,0,6.448528624413822,5.805595355802638,0.4455587349023798
ENSG00000211965.4,0.9835706556752264,0.3366307345745446,0.5056565642129442,0,1.6945564321396605,1.1888998679267162,0.44705276835928903
ENSG00000101955.15,0.9825937720526523,0.3365741591502953,0.35371638742951017,0,5.5610552231465435,5.207338835717033,0.44705276835928903
ENSG00000226816.3,-1.0006303097019322,0.33740868317618855,0.4832212501856805,1,2.8696263556603014,3.352847605845982,0.44763640164416874
ENSG00000169059.12,0.9712824684513696,0.3375178468397032,0.2684268040574287,0,0.8015138473769202,0.5330870433194915,0.44763640164416874
ENSG00000163364.10,-0.9889719193798017,0.340509547929715,0.4312571653117585,1,3.5202257398788332,3.9514829051905918,0.4510060237479669
ENSG00000165066.13,0.9799886715596053,0.3404810078359165,0.3565950627476604,0,0.9448962425861662,0.5883011798385058,0.4510060237479669
ENSG00000224389.9,-0.9943617784991231,0.34094611208494285,0.5975266049765735,1,2.0372764626510067,2.63480306762758,0.45128538992050676
ENSG00000105357.19,0.9867159102126071,0.342076634758701,0.4738156337100481,0,4.715904644824907,4.242089011114859,0.45248232110939285
ENSG00000151224.13,0.9934686078313876,0.34351496388705893,0.6235835127335967,0,2.519186106129757,1.8956025933961602,0.45408455239531914
ENSG00000221869.5,-0.993072924866903,0.3444954495621697,0.6404989847185742,1,7.0597644293059005,7.700263414024475,0.4550798541111885
ENSG00000287861.1,-0.9930869930717925,0.3448817721435711,0.7538565839568591,1,0.8730843310251638,1.6269409149820229,0.4552894681763315
ENSG00000169715.15,0.9819358890959708,0.34604571689878283,0.6866422905557208,0,5.160142031836723,4.473499741281002,0.4565246924786053
ENSG00000105664.11,0.979852302477251,0.34658350966690776,0.873229338660857,0,3.7880806123887183,2.9148512737278613,0.45693277477509264
ENSG00000131055.5,0.9823959317117145,0.34727158566284766,0.6067826525650069,0,4.2536006542806115,3.6468180017156047,0.45753832103141984
ENSG00000173660.12,0.985394882269963,0.34817917067323656,1.0675568660609258,0,7.684380308002353,6.616823441941428,0.4584320877856966
ENSG00000087250.9,-0.969854398732888,0.35079132518621603,0.5530411704708422,1,2.4568202376648296,3.009861408135672,0.46156753313975796
ENSG00000136231.14,-0.952592112421861,0.3562913372384925,0.3979115623112013,1,2.5367915384906126,2.934703100801814,0.46849616993884613
ENSG00000229314.5,-0.969650370950312,0.35662802989227305,0.8610770416048967,1,1.159871819530732,2.0209488611356288,0.46863078829470833
ENSG00000225826.2,-0.9382675728522055,0.3584672606351753,0.38551951750767066,1,1.7559116960333807,2.1414312135410514,0.47046228033255344
ENSG00000204950.4,0.9473943054303104,0.35849225761340575,0.37619072278346755,0,2.616785004948168,2.2405942821647002,0.47046228033255344
ENSG00000211651.3,-0.9573364686852766,0.36096704421963544,0.9779336237076395,1,2.6221339566596575,3.600067580367297,0.4733994022552596
ENSG00000137573.14,-0.9414797146294027,0.362385646454618,0.47761468398942775,1,5.113888137751002,5.59150282174043,0.4749484226141783
ENSG00000186191.8,0.9243468055904479,0.3634751020047903,0.32678711846623265,0,1.2618108978636842,0.9350237793974515,0.4760643117286055
ENSG00000128918.15,-0.9345609420579262,0.3637791612927266,0.5018893606616746,1,2.8979594058053895,3.399848766467064,0.4761507346763437
ENSG00000166265.13,-0.9221015716396931,0.3676261542400715,0.35943244530727414,1,3.6558859865658904,4.0153184318731645,0.4808713593722322
ENSG00000124749.17,-0.9427452182448576,0.36803177996989933,0.7423395155960479,1,3.103921888242026,3.846261403838074,0.48108729407829975
ENSG00000224237.1,0.9332173051589284,0.36922731773065787,0.5932206275515925,0,1.667408954882469,1.0741883273308765,0.4823348370093506
ENSG00000237541.4,0.9223753452689211,0.37096917259251283,0.487130520765914,0,3.50105538339495,3.013924862629036,0.48429395899805855
ENSG00000145536.15,0.9114536997258241,0.371963865621156,0.3626434123784612,0,1.7805027931431938,1.4178593807647326,0.48527575423503716
ENSG00000090932.11,-0.9291880301631518,0.37336234204325525,0.5098164715725528,1,2.8290516532752847,3.3388681248478376,0.48646559223876906
ENSG00000198930.13,0.917197505054651,0.3733288915086612,0.41359364696048206,0,1.0188460588423696,0.6052524118818875,0.48646559223876906
ENSG00000261040.7,0.912017754468505,0.37455600619820384,0.33057919270729164,0,2.404370836464902,2.0737916437576103,0.4877031330705779
ENSG00000006283.18,-0.9148663583139709,0.37693216981551914,0.46338685376943856,1,3.267279730519448,3.7306665842888864,0.4904777746460887
ENSG00000211935.3,-0.9216938832014716,0.37867923939928216,0.9471127795478123,1,2.0711398805110917,3.018252660058904,0.49243074044119917
ENSG00000254337.2,0.8961190886836876,0.38004631179144643,0.47763788125317097,0,2.107533988576546,1.629896107323375,0.4936182855200298
ENSG00000105088.8,-0.910481472984238,0.380086079850423,0.41240162580552475,1,6.21427582855646,6.626677454361984,0.4936182855200298
ENSG00000136110.13,-0.9090186455974428,0.38075492800038424,0.5443798437838265,1,1.1568445235990523,1.7012243673828789,0.49416603244696206
ENSG00000287059.1,0.8997251079191716,0.3810919776842192,0.35221769988267515,0,1.3704802633043969,1.0182625634217217,0.49428272073180185
ENSG00000170477.13,0.9102864792427776,0.38155165190207785,0.6416371691240526,0,1.6771669675033063,1.0355297983792537,0.49455820078039897
ENSG00000115380.20,0.9037707035620476,0.38478763027949126,0.5060019330108769,0,4.5819965346727916,4.075994601661915,0.49842957290089546
ENSG00000152377.14,0.9036067224765756,0.38528550980225407,0.4849692786895634,0,4.6079004886370685,4.122931209947505,0.49875146899968165
ENSG00000046774.10,-0.8991519701676813,0.3877612220407951,0.635833826075033,1,0.8666498695844879,1.502483695659521,0.5009834910087793
ENSG00000129757.14,-0.8893330936815419,0.3876380936335325,0.3887959217543546,1,6.282179196638739,6.670975118393094,0.5009834910087793
ENSG00000157766.19,0.8800220963595434,0.3873281772317462,0.32532586768590543,0,2.0555228267465537,1.7301969590606483,0.5009834910087793
ENSG00000212978.6,0.9004171095749229,0.3885758472025904,0.5386168104891622,0,2.148837142159165,1.610220331670003,0.5017118750194841
ENSG00000123496.8,0.8936034790786189,0.38918321228226427,0.7181421094896874,0,3.166470702164658,2.4483285926749705,0.5021718868158248
ENSG00000221184.1,-0.8953739890654138,0.39081355975686016,0.49737138832437955,1,2.2367920115424313,2.734163399866811,0.5039504316658416
ENSG00000118523.6,0.8862093662011424,0.39200703243466395,0.4537115037428867,0,7.764756996334289,7.311045492591402,0.5048384191045253
ENSG00000152092.16,0.8851880226916091,0.39193934629256877,0.39508125124506766,0,1.8710288629082408,1.4759476116631731,0.5048384191045253
ENSG00000072041.17,0.8775149950306689,0.39659147520677585,0.4697545976479409,0,2.113877279152541,1.6441226815046002,0.5104137390048595
ENSG00000261655.1,0.8734897308352485,0.3986985902185779,0.39776229150861164,0,2.5779765679016555,2.180214276393044,0.5127956144290391
ENSG00000179348.12,0.8498736960839429,0.3992596286997574,0.2265654132199968,0,3.975709410454389,3.749143997234392,0.5131871834187113
ENSG00000211898.7,-0.8807020811941629,0.4002991205522707,0.598019464819137,1,1.0863481244466744,1.6843675892658114,0.5141928330793457
ENSG00000159307.19,-0.8673995398536537,0.40296608967842507,0.4127195376445483,1,1.639658826990915,2.052378364635463,0.5172863795615212
ENSG00000235559.1,-0.8633341092658409,0.4033220486974862,0.41854935998579834,1,1.8391487817657766,2.257698141751575,0.5174112234733628
ENSG00000188257.12,0.8512285922897165,0.40383141318015936,0.4554007345144595,0,2.4952125016392492,2.0398117671247897,0.5177325810002044
ENSG00000187908.20,0.8475485964788029,0.4044611842428567,0.33443751180500736,0,1.2522510583245403,0.917813546519533,0.5182077953143583
ENSG00000274576.2,-0.8635458655070063,0.4057467535616677,0.5822176122724316,1,1.2033461921189152,1.7855638043913469,0.5191897038537014
ENSG00000174498.14,-0.8519840844462252,0.40566055504397036,0.39520328872133925,1,2.885139680008469,3.2803429687298085,0.5191897038537014
ENSG00000227097.5,-0.8602377716408117,0.4078418487589033,0.8195141642200969,1,9.365995567856478,10.185509732076575,0.52153689099604
ENSG00000106483.12,-0.8521154125119924,0.4091260291350546,0.5892642221247826,1,3.8901276845977755,4.479391906722558,0.5222930501167928
ENSG00000090339.9,-0.8607915100037336,0.4088435735819027,0.5030726542030717,1,4.125369222064018,4.62844187626709,0.5222930501167928
ENSG00000172020.13,-0.8523499184235396,0.4092166047665071,0.4464913874301977,1,2.740524751229701,3.1870161386598985,0.5222930501167928
ENSG00000263563.6,-0.8496308795936732,0.4108826193671148,0.4129679139226652,1,2.6239141420966523,3.0368820560193175,0.5240849736825444
ENSG00000205795.4,0.837931922202897,0.4118909660846074,0.4116003665415424,0,2.968809623631842,2.5572092570902996,0.5243678753464129
ENSG00000155659.15,0.8511430483975517,0.4117786869780997,0.4049175545429855,0,4.079998017439427,3.675080462896441,0.5243678753464129
ENSG00000198121.13,-0.8337044849075302,0.4115725903849732,0.2597420324865318,1,4.361129138440531,4.620871170927063,0.5243678753464129
ENSG00000114200.10,-0.8468351552386834,0.41423112726899747,0.5100934644546924,1,2.69842274326704,3.208516207721732,0.5270116123015235
ENSG00000275395.6,0.8497568571689311,0.4152052411764935,0.5063879658743002,0,3.462654439926059,2.9562664740517586,0.5272604416576144
ENSG00000106236.4,0.8314230784364044,0.4150359938993218,0.43896125415727205,0,6.498884745881225,6.059923491723953,0.5272604416576144
ENSG00000184564.11,0.8416054662501653,0.4152175978053714,0.4061230692223514,0,1.6340937434919904,1.227970674269639,0.5272604416576144
ENSG00000101134.12,-0.8469541331837136,0.4158035202477399,0.5050760183722969,1,3.2139387858818913,3.719014804254188,0.5276694419387562
ENSG00000116183.11,0.8407092001894645,0.41633966001304934,0.47545070011519974,0,1.6821670057161515,1.2067163056009518,0.5280147875878876
ENSG00000159374.17,0.8382924999165914,0.4192253347775917,0.42912528179993337,0,2.1599371700123506,1.7308118882124173,0.531337559920902
ENSG00000229604.2,-0.8461538431635895,0.421059116718583,0.8720418897380848,1,1.6315768607197043,2.503618750457789,0.5326491040083277
ENSG00000272143.1,0.8321026238472387,0.42060783945743085,0.37353777554412915,0,2.3945257261243844,2.0209879505802553,0.5326491040083277
ENSG00000198354.7,0.8239817534745484,0.42104097138960717,0.30060061321726095,0,0.9292465713792161,0.6286459581619551,0.5326491040083277
ENSG00000181218.5,0.8390508628635314,0.4222722228096999,0.6078440748039187,0,5.688429323054521,5.080585248250602,0.5335088096142765
ENSG00000145248.7,0.8250487364627986,0.42210308745489933,0.32243944272024816,0,2.273523374088322,1.951083931368074,0.5335088096142765
ENSG00000244731.8,-0.8292330810425212,0.4231139645890757,0.4409575217945234,1,1.87657331005889,2.3175308318534134,0.5342348037740855
ENSG00000143369.15,-0.8332978292213369,0.42422612918822467,0.5016818271444956,1,4.126973023512835,4.62865485065733,0.5353011093857725
ENSG00000129596.5,0.8277015102548161,0.42528004881770254,0.6133393816104878,0,1.5969755964531596,0.9836362148426717,0.5359546929019566
ENSG00000164125.16,0.8101933718660089,0.4250427908913941,0.25198050917342707,0,3.87240783074111,3.620427321567683,0.5359546929019566
ENSG00000280411.1,-0.8300279497068598,0.4268080809719784,0.9321270021213675,1,1.9456583662087397,2.877785368330107,0.5372759538555512
ENSG00000137558.9,-0.8187819816883487,0.4268657453382354,0.4631714439730219,1,2.7841433780297735,3.2473148220027954,0.5372759538555512
ENSG00000211669.3,-0.8285604402498626,0.42916367328746374,1.037249970010884,1,1.688237309413685,2.725487279424569,0.5398285198584449
ENSG00000141096.6,-0.8235233879826094,0.432571847909627,0.6941353890745368,1,0.31825056652550193,1.0123859556000387,0.5437735360271866
ENSG00000110375.3,-0.8093251475493786,0.4341944104874971,0.4699447582824936,1,2.335280630800052,2.805225389082546,0.5454640185889384
ENSG00000152049.6,-0.8040721760901358,0.43446209080608944,0.32669144398478434,1,3.5462574120490857,3.87294885603387,0.5454640185889384
ENSG00000145358.6,-0.806233750829562,0.4362013324637928,0.47613409890782243,1,2.9858939439938634,3.462028042901686,0.5469609184498969
ENSG00000067840.12,0.8043609033368876,0.4360055839006237,0.44189472257592355,0,3.151284245879699,2.7093895233037752,0.5469609184498969
ENSG00000149948.14,0.7930311102114902,0.4378159033599366,0.447161295448133,0,4.6633850469541125,4.2162237515059795,0.5486414829071887
ENSG00000284648.1,-0.805342537581658,0.438143847879518,0.4340878529499679,1,2.2114620848345408,2.6455499377845086,0.5487086385466725
ENSG00000161243.9,0.8013663069775009,0.4385585428326333,0.3949786041899088,0,3.5117451173019187,3.11676651311201,0.5488842838956612
ENSG00000078053.17,-0.7948203493060693,0.4401882240443924,0.33265816036017615,1,2.2511116251362915,2.5837697854964676,0.5505793921756003
ENSG00000211941.3,-0.8018719721171033,0.44103502764424285,0.8188486154476706,1,2.024538097898141,2.8433867133458115,0.5512937845553035
ENSG00000205364.4,0.7935323248400576,0.4414216991747828,0.42302476376871123,0,4.048061974630012,3.6250372108613007,0.5514324786693102
ENSG00000189369.9,0.7911103961640115,0.4421846085439204,0.4725662433563187,0,2.6765921589198194,2.2040259155635007,0.551696330061036
ENSG00000130037.5,-0.7752884143891813,0.44217929422113134,0.22058349663937404,1,2.0679068625372348,2.288490359176609,0.551696330061036
ENSG00000107831.13,-0.7895136566602495,0.4442908070376368,0.398716247602388,1,1.7138540663838568,2.112570313986245,0.5536334044082701
ENSG00000173175.15,-0.7919360271377676,0.444061750231591,0.37755685319612775,1,2.9382268444626725,3.3157836976588,0.5536334044082701
ENSG00000211934.3,0.7855253805722506,0.44592338177963875,0.5512753469703069,0,2.043276977693965,1.492001630723658,0.5553217705848552
ENSG00000177575.13,0.783578848687582,0.4492270148563835,0.4090691223524212,0,3.8731595908178726,3.4640904684654514,0.5590046139997863
ENSG00000165655.17,0.7696452418471348,0.44943970965582813,0.24571642025357576,0,5.876343009629437,5.630626589375861,0.5590046139997863
ENSG00000211594.2,-0.7811285223116518,0.4521592649602475,0.43204208160430635,1,0.7188532901319667,1.150895371736273,0.5620376195901149
ENSG00000243063.1,-0.786270074050429,0.4538744756699815,0.9686916728115008,1,0.5797121851019426,1.5484038579134434,0.5631196968610193
ENSG00000240864.3,-0.7781465085888748,0.4537144809052853,0.7033579004104755,1,1.832021479057489,2.5353793794679644,0.5631196968610193
ENSG00000108821.14,-0.7655657595215022,0.4536975835458279,0.34112312134345224,1,10.39285787723947,10.733980998582922,0.5631196968610193
ENSG00000154162.15,0.7681236742891978,0.4562160140191779,0.38988937413905855,0,1.6971880394175871,1.3072986652785286,0.5649735814592782
ENSG00000069482.7,0.7628718932176819,0.4562161670283672,0.31139552655090075,0,3.426644149123645,3.1152486225727443,0.5649735814592782
ENSG00000198075.10,-0.7555300271577478,0.45598622583114556,0.21919766175385824,1,4.569137957456074,4.788335619209932,0.5649735814592782
ENSG00000211959.2,-0.7739019120918286,0.4576076037253707,1.0000687435774256,1,2.899742114511305,3.8998108580887307,0.5663460442145677
ENSG00000189292.16,-0.7602602935829607,0.4594930143702416,0.3180303387043515,1,2.353570669369317,2.6716010080736683,0.5683277852445784
ENSG00000211947.2,-0.7643199091009646,0.4614401932589667,0.7791997026454038,1,2.5791993797011377,3.3583990823465415,0.5697793108468873
ENSG00000285894.2,-0.767275804242719,0.4614785559174237,0.4816980593966208,1,0.5388556114411908,1.0205536708378116,0.5697793108468873
ENSG00000207425.1,0.7627184772740919,0.46152124178597864,0.460039970919075,0,4.3517731289093575,3.8917331579902825,0.5697793108468873
ENSG00000137441.8,0.7548431831622114,0.46243219220734555,0.505958312849921,0,2.500425291126479,1.9944669782765578,0.5705517485593407
ENSG00000073067.14,-0.7498112746258335,0.4646960952400683,0.461870545401839,1,2.5826899375698535,3.0445604829716926,0.5726973112349114
ENSG00000165731.20,-0.7456022664132189,0.4649291556555335,0.2861878510212006,1,2.307718000947798,2.593905851968999,0.5726973112349114
ENSG00000168528.12,0.7384224992061954,0.465030216722748,0.2038032748226506,0,6.55493387636735,6.3511306015447,0.5726973112349114
ENSG00000260549.2,0.7563220841165761,0.46621669080684325,0.4878719005269576,0,3.768620719956587,3.2807488194296295,0.5738051579161147
ENSG00000278196.3,0.7495569530772468,0.46655214262552946,0.41629301861094414,0,1.6511921514371233,1.2348991328261791,0.573864874078142
ENSG00000176956.13,-0.7400471107587567,0.4680347737502556,0.38186754355823993,1,3.0050995249226364,3.3869670684808764,0.5753346942228096
ENSG00000198681.7,0.7382848911311083,0.4684033709073009,0.27533127875837426,0,0.5833135925006511,0.3079823137422768,0.5754341165937358
ENSG00000100336.17,-0.7415481477129414,0.4710601723710811,0.32921704905797533,1,4.089262486709949,4.418479535767925,0.5783427530645563
ENSG00000167178.16,-0.7432629780695875,0.4716878411022084,0.3441761780577006,1,2.734903138830326,3.0790793168880266,0.5787580872419735
ENSG00000248144.6,-0.7446757685992471,0.47211536420611977,0.42427870544411816,1,1.7408927488607067,2.165171454304825,0.5789274852312933
ENSG00000185247.15,-0.7415976423498805,0.4760812739524283,0.6826605600808504,1,1.3040922536268515,1.986752813707702,0.5833086302169262
ENSG00000211966.2,0.7322923974080238,0.4762714965721203,0.6295170158408112,0,3.0421698807087476,2.4126528648679364,0.5833086302169262
ENSG00000278318.5,-0.7393837781034746,0.4771220234071337,0.48576015628247604,1,1.3751278669199622,1.8608880232024383,0.583992684708854
ENSG00000137948.18,-0.7397281525875582,0.47799128195038487,0.531508110482187,1,0.5840708962488614,1.1155790067310485,0.5844403295817219
ENSG00000282122.1,0.7270612036392456,0.4780721895978485,0.36798541335661017,0,0.9666226859671556,0.5986372726105454,0.5844403295817219
ENSG00000129951.19,0.7263411562128664,0.4805294489526366,0.33883980994409235,0,1.9554239460195941,1.6165841360755018,0.5870854599299165
ENSG00000182379.10,0.7111242316661146,0.4817399150600744,0.21501143342372497,0,5.572637151649695,5.35762571822597,0.5882050244933753
ENSG00000211597.2,-0.7293922148593982,0.48284327924657267,0.689367325812005,1,1.734389801648322,2.423757127460327,0.5891925311123523
ENSG00000197582.5,-0.7192560375719458,0.48317847373000733,0.3116001455832329,1,2.8376291863936536,3.1492293319768865,0.5892420411341553
ENSG00000173267.14,0.7212561501054482,0.484249085545743,0.3819258632715803,0,4.762077110925461,4.380151247653881,0.5901877946931663
ENSG00000106511.6,-0.7116719361414722,0.48640244809720856,0.504920927181908,1,3.560373399543899,4.065294326725807,0.5924512157091456
ENSG00000198848.13,0.7096994860621312,0.48938168475708643,0.3317367017868138,0,2.270570378232049,1.9388336764452352,0.5953548476363582
ENSG00000145506.14,0.6970804080569479,0.4893116690938507,0.20774046879938712,0,5.196713684037372,4.988973215237985,0.5953548476363582
ENSG00000132465.12,-0.7172207604249994,0.4911557592683663,0.8216186807086494,1,3.2222248250439343,4.043843505752584,0.5971498592928466
ENSG00000263301.1,-0.7045316801396628,0.49211825886678673,0.3630550166499602,1,2.4698572378677732,2.8329122545177334,0.5979565721346133
ENSG00000162624.14,0.7011726263649434,0.49296906364295723,0.3419628212929865,0,1.2283112149034652,0.8863483936104787,0.5986266710904156
ENSG00000171840.12,0.696228831977671,0.4971531648278342,0.2752504735967687,0,2.3722160522892075,2.096965578692439,0.6033412194512552
ENSG00000006611.17,0.6969028300978674,0.49754397847574516,0.376269573843258,0,2.5063872307645014,2.1301176569212434,0.6034493371446272
ENSG00000153976.3,-0.6976437984183171,0.49902182670986783,0.416721571291228,1,2.3801487989016348,2.7968703701928628,0.6048749414665064
ENSG00000163536.13,0.6924982290346898,0.502249918352571,0.3985598721518473,0,4.581693929999674,4.183134057847827,0.6084190410085658
ENSG00000211668.2,-0.6938170501414089,0.5043308899252046,0.7720820426339983,1,2.1819123562680356,2.953994398902034,0.6105700846552113
ENSG00000250982.2,-0.6893020700887067,0.5058811960309104,0.4334953235099528,1,2.519496789219916,2.9529921127298686,0.6118780852657718
ENSG00000170961.7,-0.68188145483323,0.5060231765147932,0.2955414298057861,1,3.6693139120187634,3.9648553418245496,0.6118780852657718
ENSG00000211945.2,0.6792290922943719,0.5083863399833704,0.5243709052127654,0,2.6306374118178213,2.106266506605056,0.6143641570796017
ENSG00000211666.2,-0.6826465246819553,0.5103606595304673,0.764102479511859,1,3.289568736311839,4.053671215823698,0.6163776081285837
ENSG00000213025.2,-0.6764586020965867,0.5134132376604583,0.41387610002096586,1,2.0283873566105015,2.4422634566314674,0.619690087701217
ENSG00000232216.1,-0.675638544113174,0.5147246625140525,0.532788149989716,1,1.0182434023316567,1.5510315523213727,0.6208982660000634
ENSG00000145147.20,-0.6725997793258477,0.5162649228268409,0.38950305001835694,1,3.486725351724496,3.876228401742853,0.622380859345197
ENSG00000278910.4,0.6663463581767641,0.5181876142588804,0.34420695290359105,0,1.0931295726768968,0.7489226197733058,0.6243224268179282
ENSG00000184599.13,-0.6595242875431853,0.5187735005112304,0.2875206406251065,1,2.323080344145573,2.6106009847706795,0.6246520174728842
ENSG00000150051.14,-0.6500629452175808,0.5215698089291965,0.30895795783766244,1,3.5106030640303936,3.819561021868056,0.6276411659797791
ENSG00000130513.6,-0.6555046282766123,0.5241904766802126,0.3611932733961476,1,4.982962313362978,5.3441555867591255,0.6300366306252555
ENSG00000210140.1,0.6548664608526393,0.5240224185295018,0.2818939244276546,0,3.3415101014150195,3.059616176987365,0.6300366306252555
ENSG00000105894.12,-0.6590961076971478,0.5245842480993537,0.7511536120882383,1,6.430125257004907,7.181278869093145,0.6301312289481725
ENSG00000038427.16,-0.6484612948855838,0.5251118669457652,0.2514874823437765,1,5.7064935331491995,5.957981015492976,0.6303863948928754
ENSG00000284651.1,0.6534408966353624,0.5267530494762084,0.3328290029486496,0,2.3505476937828385,2.017718690834189,0.6319772639186664
ENSG00000155622.7,-0.6518398914603015,0.5280239381660479,0.4713113472630608,1,1.5337354708342483,2.005046818097309,0.6320900754689781
ENSG00000238072.1,0.6499006492591902,0.5281112580543312,0.35274177203833723,0,2.862966495999899,2.510224723961562,0.6320900754689781
ENSG00000169083.18,0.6489244912369952,0.5275239859416143,0.28423665398480824,0,2.229832222272472,1.9455955682876638,0.6320900754689781
ENSG00000075223.14,0.6434741443499837,0.5272212040393323,0.24310508207997028,0,4.944625342578629,4.701520260498659,0.6320900754689781
ENSG00000110900.16,0.6434519074559913,0.5289216472195167,0.2629998226131849,0,3.8344168400506304,3.5714170174374456,0.6326813961955943
ENSG00000211973.2,-0.6552421878284638,0.5294389600492615,0.6983306938981194,1,0.8887783904114638,1.5871090843095832,0.6329216497899122
ENSG00000228709.1,-0.6491506456873244,0.5310856842254328,0.5536738244638308,1,2.270735949998339,2.8244097744621697,0.6345109727902424
ENSG00000130176.8,0.6342248052608028,0.5315215471857418,0.21563468518177942,0,3.887003347098825,3.6713686619170454,0.6346525936546171
ENSG00000219159.4,-0.6387192030481809,0.5352497313807493,0.3523892237024364,1,1.6878968272563777,2.040286050958814,0.6383419575202735
ENSG00000167434.10,0.6324734182905792,0.5352468497582361,0.23137310527077948,0,1.5683473859308765,1.336974280660097,0.6383419575202735
ENSG00000024422.12,-0.6316141776140849,0.5361891826636922,0.2307418783633235,1,6.193747724898522,6.424489603261845,0.6390812665836618
ENSG00000218336.9,-0.6358669887681095,0.5382989061014611,0.5058520111918434,1,3.332036485591928,3.8378884967837714,0.6412137058981074
ENSG00000253755.1,-0.632741486231423,0.5423104608286379,0.9741597951075915,1,4.172854593511599,5.147014388619191,0.6435375152738719
ENSG00000211976.2,-0.6351239856764015,0.5417821695909719,0.8802451732331913,1,1.2959797529926913,2.1762249262258826,0.6435375152738719
ENSG00000211658.2,-0.6348695124117224,0.5418278710057347,0.70771407019301,1,1.0128209846042857,1.7205350547972957,0.6435375152738719
ENSG00000007933.13,0.6243122081733903,0.5423400176417904,0.3046067475425156,0,1.2103420057660492,0.9057352582235336,0.6435375152738719
ENSG00000149451.18,-0.6281177575220088,0.541486283664661,0.2908371525042588,1,3.1623673022906913,3.45320445479495,0.6435375152738719
ENSG00000162692.12,-0.6246116942525106,0.5425021253758741,0.281176789078168,1,3.578683991928241,3.859860781006409,0.6435375152738719
ENSG00000243910.8,0.6168982022120787,0.5412022022059977,0.17605246500682492,0,1.0503695549611896,0.8743170899543646,0.6435375152738719
ENSG00000128242.13,0.6222307311874372,0.5434257781680409,0.2575235055069012,0,2.9427351971942954,2.6852116916873943,0.6442510707386377
ENSG00000113209.9,-0.6290104287457241,0.5441393163616616,0.44772598031126676,1,1.285462495094021,1.7331884754052878,0.6447148298123953
ENSG00000240382.3,0.6222304841517868,0.5446527457066391,0.37863290083419043,0,1.62072837585767,1.2420954750234796,0.6449410843181044
ENSG00000108813.11,0.6162435998046599,0.5457382813073486,0.22054688914433385,0,3.260570665303772,3.040023776159438,0.6458441198903533
ENSG00000211897.9,-0.6195085604978285,0.5494955066068804,0.7157611667600201,1,3.8484985146370563,4.564259681397076,0.6499059806113311
ENSG00000111087.10,-0.6060891043245995,0.5521866736611039,0.21820053608049284,1,2.263354034212171,2.481554570292664,0.6527029239492954
ENSG00000187848.15,-0.6128692170861935,0.5544794435104656,0.43870898453377594,1,1.3436335650762856,1.7823425496100616,0.6548844106069709
ENSG00000174807.4,-0.6058934076894761,0.5546870957841044,0.2773499191592741,1,7.066435619692971,7.343785538852245,0.6548844106069709
ENSG00000163286.9,0.6035939521583991,0.5552165815286801,0.26946740151933657,0,1.1419839208535527,0.8725165193342161,0.6551228100633395
ENSG00000211677.2,-0.6061657943244838,0.5573134426886268,0.6948878749007958,1,5.489287205817431,6.1841750807182265,0.6569075805416236
ENSG00000134853.12,-0.6019968115745101,0.5573860820895676,0.2916659714870793,1,4.062459655130099,4.354125626617178,0.6569075805416236
ENSG00000134184.13,-0.6042368240392274,0.5579372094578673,0.4866389642010933,1,2.1641894754524085,2.650828439653502,0.6571698580186894
ENSG00000173809.18,-0.6028310431528989,0.5591973240673698,0.4374794633309411,1,1.1569604262960138,1.594439889626955,0.657879204785141
ENSG00000107796.13,-0.5912682269816478,0.5590388032422187,0.2092328430047763,1,5.235020025639427,5.444252868644203,0.657879204785141
ENSG00000124491.16,-0.6007666114763476,0.5603900916053932,0.37869566758307815,1,4.029520366866593,4.408216034449671,0.6586139857206215
ENSG00000240041.1,0.596461068785582,0.5604805018482488,0.30429636362283996,0,1.2145878967928285,0.9102915331699886,0.6586139857206215
ENSG00000105696.9,0.5970384718403867,0.5609994126747331,0.35103619128331687,0,4.471151714074497,4.12011552279118,0.6588366561065567
ENSG00000188536.13,0.5977792572941709,0.5614019475014231,0.32587575202433294,0,3.491100797838493,3.16522504581416,0.6589224735932196
ENSG00000143184.5,-0.5938533516821136,0.5619329062937088,0.31298866828804117,1,2.237256807776346,2.5502454760643873,0.6591588343621217
ENSG00000235890.2,-0.5982465082011318,0.5639187794678588,0.4866602600337582,1,1.8342927002563405,2.3209529602900987,0.6611005620959658
ENSG00000165457.14,0.5891047452118293,0.5656510870584138,0.29252969108124205,0,5.016463874286544,4.723934183205302,0.662742925668909
ENSG00000113205.5,-0.5940815045942853,0.5662673067895772,0.4026535109106728,1,1.7747873614005751,2.177440872311248,0.6630764716505587
ENSG00000256148.1,0.5715032926524684,0.5713805641834957,0.2163031820012442,0,2.3209177750274836,2.1046145930262394,0.6686723981082454
ENSG00000181085.15,0.5787511299201098,0.5721211204085641,0.27006444759888293,0,4.2542845677576,3.9842201201587173,0.6691475092497826
ENSG00000099399.6,-0.5798407178807764,0.5740501824326021,0.5834413715753006,1,1.164289712829846,1.7477310844051466,0.6703406213693529
ENSG00000175229.7,0.5797709711431995,0.574041257655713,0.34500034210783737,0,2.8211891920154755,2.476188849907638,0.6703406213693529
ENSG00000184838.15,0.5756500443040649,0.5741467422028508,0.28709032321877004,0,2.8557695209237326,2.5686791977049626,0.6703406213693529
ENSG00000163520.14,0.5647432333102539,0.5765138763738169,0.16730321764809641,0,6.620998516540577,6.45369529889248,0.6727116410429601
ENSG00000202314.1,-0.5754263046250406,0.5781012979691504,0.35700753274816543,1,2.9747909861261657,3.331798518874331,0.6741706098765603
ENSG00000131668.14,-0.5716950958097673,0.5793057975689282,0.4753375307043388,1,4.23625680878785,4.711594339492189,0.675181582248168
ENSG00000105996.7,-0.5657555325771912,0.5808257386673348,0.2450357494779678,1,2.4777359623156126,2.7227717117935804,0.6765588103288699
ENSG00000211964.3,-0.56753823701234,0.5828028735148585,0.4633804833828481,1,1.6883086735514852,2.1516891569343333,0.6780719878008824
ENSG00000249641.2,-0.562036299215208,0.5825035196667974,0.22455554222455565,1,0.9435857883847122,1.1681413306092678,0.6780719878008824
ENSG00000256673.1,0.559139338861617,0.583912899807064,0.2173494216234193,0,2.9116329148084366,2.6942834931850173,0.6789684881477488
ENSG00000144857.14,-0.5599896594587249,0.5856709803222675,0.2936032233450172,1,4.755209173398955,5.048812396743973,0.6806170602234369
ENSG00000160181.9,-0.5588322222012615,0.5863163420699622,0.30861078820899746,1,1.0658301964283277,1.3744409846373251,0.6809713612891547
ENSG00000169903.7,0.5513545845982661,0.589413113418861,0.3052879326210647,0,1.2312751196710037,0.925987187049939,0.6841707642702972
ENSG00000166741.8,-0.5556689506517271,0.5900931708658501,0.35733916358700935,1,5.252569829398609,5.609908992985618,0.6845628432318447
ENSG00000117148.8,0.5508758386399124,0.5920651566435744,0.37103322829305685,0,2.16825094488733,1.7972177165942733,0.6860546426924384
ENSG00000116132.12,0.5489219422258665,0.5919691905500075,0.2642936411552457,0,5.8881242798446065,5.623830638689361,0.6860546426924384
ENSG00000196436.8,0.5425688425053183,0.5956680570187325,0.24111045928763186,0,2.0279816030070514,1.7868711437194196,0.6898298286262102
ENSG00000211893.4,-0.5475326221928778,0.5969520361759992,0.8151623079178014,1,4.298311699272166,5.113474007189968,0.6909167085370361
ENSG00000106006.6,0.5319196555925958,0.5997154718573432,0.1708158237588604,0,1.8950203304202677,1.7242045066614073,0.6937136747916058
ENSG00000080007.8,-0.5401033064083456,0.6010047079255554,0.33733680918255426,1,0.9403115279185849,1.2776483371011391,0.694803130549775
ENSG00000183072.10,-0.5364670622332559,0.6014906064871375,0.38129365063809084,1,2.0387607824492053,2.420054433087296,0.6949631501873339
ENSG00000113211.5,-0.5317938537103181,0.6058074553070778,0.36138078515138616,1,2.4248153157246892,2.7861961008760754,0.6995467151351937
ENSG00000228232.1,-0.529692774471397,0.6076231510930341,0.37520047022284064,1,4.6929868466632305,5.068187316886071,0.7012384894322379
ENSG00000090104.12,0.525152410242499,0.6080941181259811,0.23556690178719908,0,4.294699949080172,4.059133047292973,0.7013772988765642
ENSG00000229921.7,-0.5252586613040922,0.6097424464674902,0.3134831821639785,1,1.8685078149567615,2.18199099712074,0.7028731371383173
ENSG00000169174.11,0.5166583296835632,0.6103321413068633,0.16772786707301668,0,1.7065041422783194,1.5387762752053027,0.7031476282337135
ENSG00000145908.12,-0.5207338081855283,0.6121579684813596,0.3111163738721139,1,2.797384237836292,3.108500611708406,0.704439549460713
ENSG00000279501.1,0.5191376993597171,0.6118966333415217,0.21482005369350188,0,1.0391202576532412,0.8243002039597394,0.704439549460713
ENSG00000136944.19,-0.5145975601243274,0.6134940133855258,0.18700174628680388,1,0.9572920609538254,1.1442938072406292,0.7055710332208462
ENSG00000211933.2,-0.5198312094973716,0.6151487530142121,0.5035235718082232,1,1.5379895387445364,2.0415131105527595,0.7062832190715259
ENSG00000019169.10,0.5159064639981251,0.6151726838112991,0.24631162063861334,0,2.360389565555716,2.1140779449171028,0.7062832190715259
ENSG00000002745.13,0.5136934538105058,0.6149235676887304,0.22615450668017667,0,1.3864739564213844,1.1603194497412077,0.7062832190715259
ENSG00000164128.7,0.5154259023407822,0.6155438092124321,0.24638787321792122,0,2.0099208995216915,1.7635330263037703,0.7063038545179945
ENSG00000266235.1,-0.5173048522817549,0.6159069489978561,0.30802643800305773,1,2.0520892884750244,2.360115726478082,0.70631530848378
ENSG00000159212.13,-0.5136678724052527,0.6186153836750026,0.3644608815736514,1,1.6596362121265618,2.024097093700213,0.7090147663896877
ENSG00000138083.5,0.5102096483383022,0.6194582683118426,0.28928789736520044,0,2.140135690721571,1.8508477933563705,0.7095723671669523
ENSG00000105825.14,0.5067078601818117,0.6198114627203327,0.2710085831659801,0,4.1268109240317115,3.8558023408657314,0.7095723671669523
ENSG00000242887.1,-0.5120551932098885,0.6209599183134316,0.5450455101086298,1,1.3733652417657485,1.9184107518743783,0.7104804557361917
ENSG00000258732.1,-0.5075458108198547,0.622017238077561,0.34631804568138636,1,2.164390111082783,2.5107081567641694,0.7112832911121338
ENSG00000233098.9,-0.5046437062680436,0.6226317677400871,0.2269232204555871,1,1.5728549195139507,1.7997781399695378,0.7115791631315281
ENSG00000124875.10,0.49850863153253466,0.6253416989349609,0.19857213287572018,0,1.9588811556035415,1.7603090227278213,0.7142680741690016
ENSG00000146938.16,0.4896707953511775,0.6293098924116771,0.16242338774161302,0,2.588738293119369,2.426314905377756,0.7183902881411839
ENSG00000112852.7,0.49159309900952414,0.6324672467123638,0.26150110841710905,0,3.1710256577095315,2.9095245492924224,0.7215827115942542
ENSG00000115386.6,-0.48764672632320744,0.6330672380837327,0.26208655800896863,1,1.354076439123963,1.6161629971329317,0.7218554596165709
ENSG00000186462.9,0.4899773046908943,0.6337145431551702,0.2528091196862339,0,1.8850584793370253,1.6322493596507914,0.7221818155614476
ENSG00000101825.8,-0.48497681249864855,0.6349481800915,0.2438315907970967,1,5.2179581608231596,5.461789751620256,0.7231756037488611
ENSG00000182912.6,-0.4869152240026045,0.6373295421549978,0.433040654388797,1,2.1744754484749227,2.6075161028637197,0.7254747207228206
ENSG00000224041.3,-0.4863208355212256,0.6388991101482074,0.4971896330026079,1,0.7011675714513769,1.1983572044539847,0.7260217160775084
ENSG00000134463.15,-0.4829046193591311,0.6388822978727048,0.2953961515135326,1,3.3817290424811417,3.6771251939946743,0.7260217160775084
ENSG00000185745.10,0.47843595828450663,0.6386682521352076,0.17977346875636702,0,4.78939194003119,4.609618471274823,0.7260217160775084
ENSG00000108551.5,-0.4718160559619853,0.6406720125752212,0.16463407994950519,1,4.679154909147861,4.843788989097366,0.7276229557924148
ENSG00000211663.2,-0.4737094634259962,0.6442798021113727,0.39821709997823707,1,2.5678795082826484,2.9660966082608855,0.7308903030191408
ENSG00000106538.10,-0.4689545764836757,0.6441750557532784,0.21382748594266054,1,5.990000357501178,6.203827843443839,0.7308903030191408
ENSG00000090382.7,0.47313814204342114,0.6449048664241274,0.3022254638274293,0,4.155302056369542,3.8530765925421124,0.7309607354781406
ENSG00000149968.12,0.47183817623327706,0.645072849059459,0.21818126428151086,0,1.2509040574444177,1.0327227931629068,0.7309607354781406
ENSG00000170323.9,0.46617665534167185,0.6465185826607842,0.23842325029624956,0,2.4271635057672025,2.188740255470953,0.7321841253236514
ENSG00000223564.1,-0.46845366835310437,0.6497248782141456,0.29322960301736345,1,0.7523755127352686,1.045605115752632,0.7353988434795083
ENSG00000239311.1,-0.46545224969995924,0.6500964733718535,0.25929666873234813,1,0.8803533199382039,1.139649988670552,0.7354032504206487
ENSG00000158164.7,0.4607160149591857,0.6534090555060241,0.2352018122882482,0,6.137119753417449,5.9019179411292,0.7383153169559595
ENSG00000229807.12,0.457096829880568,0.6533356548690178,0.16747922889514277,0,1.5415992433258132,1.3741200144306704,0.7383153169559595
ENSG00000211673.2,-0.4613813779002603,0.6538367149608986,0.5376575446188929,1,3.431912313674307,3.9695698582932,0.738381383355052
ENSG00000221867.9,0.4562333334494718,0.6544495734289708,0.23890999454079098,0,0.9490135564637816,0.7101035619229906,0.7386564034187029
ENSG00000128714.6,0.454131572718922,0.6559553221589998,0.29530278977801094,0,3.136105918700382,2.840803128922371,0.7399383216683585
ENSG00000224650.2,0.45600505646533657,0.656928771144787,0.2991894981990646,0,1.9115081682198614,1.6123186700207968,0.740227883973637
ENSG00000207721.1,-0.4566422746732263,0.657053177413512,0.25327242955669793,1,1.9143556844162244,2.1676281139729223,0.740227883973637
ENSG00000102837.7,0.4489002266139597,0.6573223609685896,0.24076144163929403,0,2.7508174372751686,2.5100559956358746,0.740227883973637
ENSG00000224127.1,0.45078589527061513,0.6578111438145061,0.17000600838086588,0,0.9015673034678846,0.7315612950870187,0.7403614449234733
ENSG00000241351.3,0.4558555181756024,0.6587014119472308,0.6236076297057411,0,3.4071042257469863,2.783496596041245,0.7406688664268118
ENSG00000078596.11,-0.4546734422970406,0.6588249566866491,0.49228648834348965,1,3.9983945082942562,4.490680996637746,0.7406688664268118
ENSG00000175701.10,0.45353800473989014,0.659542853664318,0.26502860400434747,0,4.201850915726086,3.936822311721739,0.741059386139683
ENSG00000231475.3,0.4466720506851951,0.660393820902036,0.21843607786036334,0,1.5591002310507391,1.3406641531903758,0.7415989005076205
ENSG00000145423.5,0.4495297536423808,0.662882204250145,0.4596408867169508,0,6.977172333405789,6.517531446688838,0.7435582773417219
ENSG00000130876.11,-0.44488713935888463,0.6628609431913868,0.24887224595209245,1,2.7340963438226145,2.982968589774707,0.7435582773417219
ENSG00000113296.14,-0.44477023958892115,0.6634351114519448,0.31996355741663773,1,4.253862331233136,4.573825888649774,0.7437613357084583
ENSG00000189299.7,-0.44543112504108745,0.6654730436647399,0.25759010771394597,1,0.5667490846645374,0.8243391923784834,0.7456280601285601
ENSG00000136997.21,-0.43702379658349655,0.6676658107279335,0.16357144991525274,1,5.215732556735401,5.379304006650654,0.7476660814422548
ENSG00000105737.9,-0.43097605293950114,0.6715264280490054,0.2026513421626528,1,3.2904442840562553,3.493095626218908,0.7515684701164023
ENSG00000185290.4,0.43194630408658646,0.6725048056983853,0.21207218534832517,0,1.8553245978362867,1.6432524124879615,0.752242511966874
ENSG00000089225.20,0.4304015156923139,0.6757285295154949,0.27543522850714874,0,1.1489196559205326,0.8734844274133838,0.7554259692738903
ENSG00000222345.1,0.42950860204318186,0.6763439610551842,0.23859401805851466,0,3.0596120470998636,2.821018029041349,0.7556915765979711
ENSG00000211685.3,-0.4286980035320972,0.6784856604717662,0.4882298481754779,1,1.2032703124557,1.691500160631178,0.7576612623916987
ENSG00000211967.3,0.4218119930056421,0.6790399599831315,0.2110605457673278,0,1.237544381440826,1.0264838356734982,0.7578570981954592
ENSG00000158639.13,-0.4184251967756417,0.6818837745078905,0.27180679412915254,1,0.9224140092910039,1.1942208034201565,0.7606065527137652
ENSG00000175265.17,-0.4152062342896662,0.6832136695968665,0.15867310288824887,1,3.9126260511841493,4.071299154072398,0.761665183497064
ENSG00000167772.12,0.41631156846802864,0.6839713488934941,0.21061707891854997,0,5.24282849747718,5.03221141855863,0.7620850684050073
ENSG00000159184.8,-0.41388407176832964,0.6843832869281183,0.19621110102679573,1,4.624814971728003,4.821026072754798,0.7621194731938956
ENSG00000231240.1,0.41469883431248683,0.6873960362163913,0.29496906935473266,0,1.384073350206922,1.0891042808521894,0.7646229546344732
ENSG00000185615.16,-0.41318677302857615,0.6872025566961117,0.243847182329906,1,2.545147993138238,2.788995175468144,0.7646229546344732
ENSG00000164007.11,0.4093667831802152,0.687972823115562,0.18971166235377113,0,1.709423800646012,1.519712138292241,0.7648391585498188
ENSG00000143839.15,0.41190584250523565,0.688406720219789,0.287573850993851,0,3.480136481679047,3.192562630685196,0.7648963557997656
ENSG00000162576.17,-0.4026014048472117,0.6902562342574668,0.13055619099067606,1,7.316044766817023,7.446600957807699,0.7665255238839166
ENSG00000211653.2,0.4065720417461541,0.6919021480952962,0.4160618709062027,0,3.448756955976014,3.032695085069811,0.767926912425412
ENSG00000250535.1,-0.39856873739465065,0.6958238306962073,0.20380068976287125,1,1.7489181777258542,1.9527188674887255,0.7716661289710219
ENSG00000159674.12,0.39821531808068983,0.6960428483318618,0.17167806893318094,0,4.625086775901218,4.4534087069680375,0.7716661289710219
ENSG00000229637.4,-0.39575493594416006,0.6970646911790667,0.16650563363119497,1,2.6890093746224295,2.8555150082536245,0.7723708489518745
ENSG00000170476.16,-0.3963315115172157,0.7002931316311622,0.28625427053651387,1,1.790214992538657,2.076469263075171,0.775518418196193
ENSG00000144730.19,0.3886598618276241,0.7031250868797391,0.15907702558356185,0,4.441789415666017,4.282712390082455,0.7782236711452564
ENSG00000180543.5,-0.3848226498391703,0.7082146814692909,0.39515728236406567,1,3.0894477759175962,3.484605058281662,0.7834233202093925
ENSG00000198732.11,0.37561637846557916,0.7103454088643685,0.1373231135342965,0,3.465601172673548,3.3282780591392513,0.7853459467820546
ENSG00000145824.13,0.3777064833560116,0.7111544369112213,0.27095909500140447,0,6.481940752327421,6.210981657326016,0.7853721003989191
ENSG00000154760.14,0.3782589855918965,0.7108372485439319,0.16213072881173884,0,2.379439662084778,2.2173089332730394,0.7853721003989191
ENSG00000019549.13,-0.37398518050161683,0.7119700149363282,0.11994144518859873,1,5.319607984587667,5.439549429776266,0.7858388685831437
ENSG00000106565.18,0.37882306162659135,0.7128360391639686,0.23695161539438736,0,6.19266218653643,5.955710571142043,0.7863607712785092
ENSG00000171401.15,0.37802540996264977,0.713762733615823,0.3190696476054369,0,1.2414947144253916,0.9224250668199547,0.7869489896536086
ENSG00000083782.8,-0.3740569811590229,0.7151508258624153,0.29386205057266057,1,2.1940885675886856,2.487950618161346,0.7876110416986953
ENSG00000150594.7,0.3677224175547889,0.715141621759938,0.12778752068800436,0,2.9988045482014507,2.8710170275134463,0.7876110416986953
ENSG00000211654.2,-0.3691863245947046,0.7197743156737164,0.35134249371583737,1,0.7058407435683103,1.0571832372841476,0.7922667206094842
ENSG00000142173.16,-0.3581335660780287,0.723181937019952,0.11213986505288887,1,9.279910447914984,9.392050312967873,0.7955796886908163
ENSG00000215612.8,-0.35939797896847375,0.723801018967235,0.18100872848306349,1,1.3999344887318497,1.5809432172149132,0.7958230005137273
ENSG00000211625.2,-0.3601505921779454,0.7263811213519678,0.25811911704290114,1,1.047103962587984,1.3052230796308852,0.7972115715141669
ENSG00000286540.1,-0.36029536290637154,0.7260325865668904,0.2241587953600137,1,1.278352707562375,1.5025115029223888,0.7972115715141669
ENSG00000166863.13,-0.3590810326250034,0.7259516085386206,0.1939403702127791,1,1.642587112215132,1.8365274824279112,0.7972115715141669
ENSG00000059804.16,0.3581294705968537,0.7266583474351631,0.18089054551291017,0,4.901658651067412,4.720768105554502,0.7972115715141669
ENSG00000180660.8,-0.3550691086624438,0.7292987206801167,0.21904083725675316,1,1.7953017970814418,2.014342634338195,0.799669649868549
ENSG00000168779.20,0.3523896971582722,0.7312422646410541,0.21703071625993742,0,2.451230853200441,2.234200136940504,0.8009225242508807
ENSG00000004799.8,-0.35268571359085865,0.7311189666525482,0.20607770963405958,1,3.8579751077074036,4.064052817341463,0.8009225242508807
ENSG00000075043.19,-0.3484806994274175,0.7325804211724841,0.14926572949645933,1,0.8871551454738974,1.0364208749703567,0.8019490105883789
ENSG00000226278.1,-0.34754609319603685,0.7343082261113785,0.43142741292199327,1,3.0380543326975364,3.4694817456195297,0.8034006850233899
ENSG00000238269.9,-0.346743637498082,0.7350819452844731,0.2629595798028057,1,0.9868330918379633,1.249792671640769,0.803807485275531
ENSG00000211974.3,0.3458807101784246,0.7356144919194942,0.1762456190749072,0,0.9236732207046403,0.7474276016297331,0.8039502643928899
ENSG00000141750.7,0.34273406290849906,0.7363817179507504,0.14931049677930064,0,2.6884447824329047,2.539134285653604,0.8043492276906067
ENSG00000164220.7,-0.34547400652797106,0.7373323207481869,0.23290399997518518,1,2.7633328144405525,2.9962368144157376,0.8045088060536683
ENSG00000075461.6,0.3413255662294675,0.7372921597874664,0.14693087897867896,0,4.09236631922936,3.9454354402506806,0.8045088060536683
ENSG00000214617.9,-0.3384388689140903,0.7418204586792653,0.20362687307139282,1,1.5100640060179173,1.7136908790893102,0.8085236606858477
ENSG00000170231.16,0.33589342642168296,0.7415288738692175,0.1770718487389038,0,3.013288753312049,2.836216904573145,0.8085236606858477
ENSG00000260318.1,0.33742882087853165,0.742476294959119,0.29233591489475774,0,2.686055299762581,2.3937193848678233,0.8087977069271449
ENSG00000065675.15,0.33461099322331633,0.7436011745918761,0.1718978621675964,0,2.429893745398506,2.2579958832309095,0.8094275995256387
ENSG00000104899.8,0.3341274646317159,0.7442686777638248,0.16252893965808246,0,2.2722429902533765,2.109714050595294,0.8094275995256387
ENSG00000180155.20,0.3302183413833752,0.7439098832188898,0.10158103951847641,0,3.0907626776159467,2.9891816380974703,0.8094275995256387
ENSG00000211640.4,-0.33434604212628,0.7454964384713707,0.3999135241723266,1,2.715063045389717,3.1149765695620437,0.8103222157297507
ENSG00000159263.16,-0.331440352496414,0.7461995704461968,0.17084586751043984,1,2.492762571456059,2.6636084389664987,0.8106459211800073
ENSG00000169474.4,0.3260090328515639,0.7496580285672245,0.15537145073990466,0,1.4036659775511788,1.2482945268112742,0.8138512597306965
ENSG00000086506.3,0.3257277216981591,0.7499639358418368,0.1523274477665908,0,1.7926368351558546,1.6403093873892638,0.8138512597306965
ENSG00000106927.12,0.3245318591469093,0.75213380935992,0.19962590611868158,0,1.5851779469550868,1.3855520408364053,0.8157633507157485
ENSG00000284659.1,-0.3210474105305467,0.7528555048358665,0.15064979396963185,1,2.0153538780757274,2.1660036720453593,0.816103528277362
ENSG00000211951.2,0.3190659683033048,0.7535714964474444,0.1460761869620636,0,0.9837970498028697,0.8377208628408062,0.8164371575811965
ENSG00000235994.4,0.31853575883933916,0.7552347866099912,0.1472827548971949,0,1.647513225329435,1.50023047043224,0.8177961955711871
ENSG00000266174.1,-0.31702408549841504,0.7563843002525639,0.14316220930045054,1,1.2303735128673288,1.3735357221677793,0.8185977275460649
ENSG00000239855.1,0.31438143955032466,0.757974443328977,0.2058796695971874,0,1.769594902817298,1.5637152332201105,0.8198750063050049
ENSG00000211946.3,-0.3137803982316729,0.7587951662121297,0.17468999555373055,1,0.9157057787719273,1.0903957743256578,0.8198759224334194
ENSG00000123610.5,-0.3144411244373856,0.7586664740646187,0.15138707480541536,1,2.964897232374373,3.1162843071797885,0.8198759224334194
ENSG00000082497.12,0.31112019596474294,0.7609891147725016,0.16866758065426346,0,3.762383906562718,3.5937163259084546,0.8218024997543215
ENSG00000092051.17,-0.30662206074008264,0.7640479728431893,0.17022743876968827,1,3.0660447792243395,3.2362722179940278,0.8242716566230216
ENSG00000166959.8,0.30439004049920326,0.764099825689541,0.11592595996506838,0,1.086625161182212,0.9706992012171436,0.8242716566230216
ENSG00000112936.19,-0.30487759323737723,0.7647875634932534,0.19432480028558174,1,2.3334739058247878,2.5277987061103695,0.8245688016099767
ENSG00000277013.1,0.3031613117593398,0.7661126054351048,0.12977335404816315,0,1.9305762040641212,1.800802850015958,0.8255523765464491
ENSG00000213401.10,0.30149708345997445,0.7665831981776035,0.12500781920776471,0,0.6415749247355763,0.5165671055278116,0.8256146453178281
ENSG00000170891.11,0.2993495286819821,0.7670845847155795,0.11710992474096127,0,5.715256809547114,5.598146884806153,0.825709994311711
ENSG00000270550.1,-0.29799839114088167,0.7709522500995627,0.22600161595279733,1,2.5355962360534834,2.7615978520062807,0.829426842495495
ENSG00000133937.5,-0.2903111466693787,0.776578895525034,0.1413133690341155,1,3.0686426089584984,3.209955977992614,0.8350310704570258
ENSG00000107317.13,-0.2902020533986166,0.7770020043678982,0.15561138252339735,1,2.0740038303124972,2.2296152128358946,0.8350370815345495
ENSG00000151617.17,0.2874336623103869,0.7781706983931802,0.12721241503258618,0,5.000179454328782,4.872967039296196,0.8358439295308059
ENSG00000160963.14,0.28619238375644873,0.779452218951124,0.16035647100040418,0,6.4079860418326104,6.247629570832206,0.8367710348374923
ENSG00000106689.11,-0.2860929238784754,0.7800882295778288,0.14956242864262226,1,1.6326306027119417,1.782193031354564,0.8370045381736361
ENSG00000089199.10,0.28023514258644355,0.7827536962779572,0.12194209076811346,0,2.0127377630891563,1.8907956723210428,0.8394141515045118
ENSG00000186676.3,0.2822608606863451,0.7834825508820971,0.20846769815829802,0,1.9276720107342034,1.7192043125759053,0.8397454993377246
ENSG00000225698.3,0.27912767178136616,0.7850221366586898,0.1489508623430731,0,1.0778411904841882,0.9288903281411152,0.8409449776740116
ENSG00000211896.7,-0.27902379815242095,0.7859687728473157,0.40293621058210594,1,6.6800107857208575,7.082946996302963,0.8415083221063338
ENSG00000211598.2,-0.26813269947610874,0.7935965535065921,0.2690321145438679,1,3.3282329153834582,3.597265029927326,0.849220495994213
ENSG00000136960.13,0.2641199274851954,0.7950889174252782,0.10445812326263937,0,4.876777629773481,4.772319506510842,0.8503624785297093
ENSG00000006128.12,0.26225495198318605,0.7958877510127712,0.13735824839205257,0,2.4118334283757688,2.274475179983716,0.850761893118943
ENSG00000197353.4,0.26190305400756253,0.7976817931028495,0.1766740245973235,0,1.7273694200772056,1.550695395479882,0.8522241379303948
ENSG00000229108.2,0.25894049687529636,0.7985312619638243,0.16379832013823847,0,2.1936022234088743,2.029803903270636,0.8523595902701505
ENSG00000102554.14,0.26030674027296563,0.7986609360831309,0.12679770071372776,0,5.212918898276421,5.086121197562694,0.8523595902701505
ENSG00000166922.8,0.2521020558548414,0.8048497904110868,0.15489321202230766,0,3.7123800060339147,3.557486794011607,0.8585064431051592
ENSG00000243290.3,-0.2514537663613619,0.8058534391433609,0.1723549977449328,1,1.434574358591071,1.6069293563360039,0.859118805056888
ENSG00000211899.10,0.24415213642674155,0.8118871793713276,0.2399559116872938,0,4.359786036447702,4.1198301247604086,0.8627919015635788
ENSG00000119681.12,-0.2449538351613443,0.8110607535615193,0.12778698761402918,1,4.28641997510681,4.414206962720839,0.8627919015635788
ENSG00000005102.14,-0.24341217082924463,0.8103608646549425,0.11734713476725345,1,3.4648974880976318,3.582244622864885,0.8627919015635788
ENSG00000179772.8,-0.2453980149800586,0.8100316601998447,0.10740165897722465,1,3.677251043421195,3.7846527023984198,0.8627919015635788
ENSG00000091986.16,-0.24187249037416908,0.8117017621592453,0.09973344473062973,1,5.020095313734612,5.119828758465242,0.8627919015635788
ENSG00000094963.14,0.2416918231437942,0.8117822433837896,0.09818025010403342,0,1.1539000918251485,1.055719841721115,0.8627919015635788
ENSG00000147381.11,-0.24196077582850464,0.8135622208608869,0.24821144137658258,1,1.9529588273339942,2.2011702687105767,0.864112820882514
ENSG00000081277.13,-0.23996797595476707,0.8147195898267828,0.16096189255390314,1,2.06782920787663,2.228791100430533,0.8648827917481771
ENSG00000282826.2,0.23095908759260228,0.8207912056520603,0.10519910495536067,0,3.5283637330160698,3.423164628060709,0.8708660006918412
ENSG00000133110.15,-0.230197319598211,0.8219924359264358,0.17136884404402863,1,5.9222527916988,6.093621635742829,0.8712161483057083
ENSG00000064218.5,0.2290059612348861,0.8218074260135034,0.0905102539559497,0,2.1354274474339485,2.044917193477999,0.8712161483057083
ENSG00000276775.1,0.22663153404538378,0.8231891300277734,0.10628581508624912,0,1.6097735775012805,1.5034877624150313,0.8720223835039972
ENSG00000124092.12,-0.2269264480830091,0.8246528449682948,0.17687039535073135,1,2.1318190509137227,2.308689446264454,0.8723945943413586
ENSG00000228217.1,0.22759880968677706,0.8244731214874764,0.13190185286052736,0,1.9241466570247787,1.7922448041642514,0.8723945943413586
ENSG00000109193.12,-0.2259577196501052,0.8248490889497545,0.1279242628728967,1,1.4837818637856384,1.611706126658535,0.8723945943413586
ENSG00000152154.11,-0.221124165035801,0.82829843328977,0.09971537716590673,1,3.5877417260730753,3.687457103238982,0.8755797392069451
ENSG00000163017.14,0.21704651006877343,0.8304749939407646,0.10319709171600078,0,4.091222893886202,3.988025802170201,0.8774167923304433
ENSG00000231106.2,0.2160469300489106,0.8333551315631351,0.14723075151341392,0,2.1025279120351885,1.9552971605217746,0.8799948590951797
ENSG00000211592.8,-0.20370071065342776,0.8429321268079215,0.31792891442886706,1,8.509569328816548,8.827498243245415,0.8880561708320726
ENSG00000211890.4,0.20540617689707238,0.8416191822407806,0.24606740913185465,0,3.4149800103501113,3.1689126012182567,0.8880561708320726
ENSG00000211892.4,-0.20367557932908192,0.8424751247739461,0.19166883164071224,1,3.0319344398593766,3.223603271500089,0.8880561708320726
ENSG00000233913.7,-0.20317765311547112,0.8424816708453159,0.12999534572254756,1,5.011951662838441,5.141947008560988,0.8880561708320726
ENSG00000118849.10,-0.2018001125663206,0.8432093342050528,0.11197122029324191,1,4.31038509455873,4.422356314851972,0.8880561708320726
ENSG00000133101.10,-0.19862548454286622,0.845431193799636,0.0895977300703148,1,2.656901273162283,2.7464990032325978,0.8899275724206696
ENSG00000181790.11,0.1975263506942175,0.8460361180855667,0.08280966683019386,0,1.884829206535284,1.8020195397050902,0.8900958633199018
ENSG00000243709.1,0.19514675278112345,0.8468997836142063,0.08353312223261922,0,2.2100221731065495,2.1264890508739303,0.8905360500675145
ENSG00000092758.18,0.1929428090876374,0.849187237910853,0.10718613777784114,0,5.621870689812252,5.514684552034411,0.8924721365326884
ENSG00000287407.1,-0.19260130027662323,0.8504756309732033,0.10314259016426064,1,2.5615838730405116,2.6647264632047722,0.8933567552239531
ENSG00000196653.12,-0.19088592314349498,0.8522033836023946,0.10323685748755707,1,1.8672670479903155,1.9705039054778726,0.8947017150681308
ENSG00000211637.2,0.1878072302425123,0.8539992098377652,0.15572692842733504,0,2.013539503808493,1.8578125753811578,0.8958728901031946
ENSG00000007062.12,0.18593449418488917,0.8542148007133961,0.08093585108246693,0,4.152974259245304,4.072038408162837,0.8958728901031946
ENSG00000182583.12,-0.18639713828744162,0.8547440195643505,0.09258450292369669,1,1.2042051705778107,1.2967896735015074,0.895958091786531
ENSG00000270460.1,0.18434024635581212,0.8569825281498258,0.10449300353571433,0,2.0273952716091386,1.9229022680734242,0.8977225764921445
ENSG00000129988.6,0.18353059304872493,0.8573250605499979,0.0821648911077133,0,1.2915686164564597,1.2094037253487464,0.8977225764921445
ENSG00000211652.2,-0.18132124561476354,0.8596715203391654,0.1716176723893117,1,1.4602384592579474,1.631856131647259,0.899708550852083
ENSG00000211962.2,0.17962576412050502,0.8605449522394816,0.12363633787408768,0,1.6182302898704453,1.4945939519963576,0.9001516236814662
ENSG00000253570.1,-0.17942812675668418,0.8610802287959695,0.10102860643032274,1,3.426714523354304,3.5277431297846267,0.9002406992116774
ENSG00000229967.1,0.17714580553837178,0.86263810471352,0.09998527385597833,0,1.1305905422292721,1.0306052683732938,0.9010420955733522
ENSG00000082482.14,0.17692171979944338,0.8627478065114847,0.09631052399213069,0,1.8989717848574577,1.802661260865327,0.9010420955733522
ENSG00000142619.4,-0.17377655421793098,0.8654725923821793,0.10356255764339206,1,1.1186739083557986,1.2222364659991907,0.9033261385797051
ENSG00000262877.5,-0.17196931808471447,0.8658381038286473,0.07341271192531496,1,2.605152736016297,2.678565447941612,0.9033261385797051
ENSG00000243264.2,-0.16917416240016775,0.8689061169939523,0.09259093096603144,1,0.9113561737077639,1.0039471046737953,0.9060543451448929
ENSG00000224739.2,-0.15507309195779237,0.878384895243784,0.05447738601299745,1,1.1790337343895627,1.2335111204025602,0.9154610685187953
ENSG00000124785.9,0.15190413567709699,0.8819324715072285,0.09823466618641863,0,5.423099701613462,5.3248650354270435,0.9183084468482379
ENSG00000235984.5,0.15184156065688476,0.8820352631977324,0.09161966218744055,0,1.3683746998407988,1.2767550376533583,0.9183084468482379
ENSG00000135919.14,0.14272570066018098,0.8878814554691536,0.047354312219074046,0,5.025261848068936,4.977907535849862,0.9239141055870485
ENSG00000185527.12,-0.1410583583324325,0.889862048536818,0.0669167823019916,1,2.787387908829467,2.8543046911314587,0.9254935502202996
ENSG00000247627.2,-0.13951946119064182,0.8910119080398853,0.09061636383835658,1,5.06987245394837,5.160488817786726,0.9259858154283088
ENSG00000174343.6,0.13845811605496966,0.8912613473497473,0.04743852400477322,0,1.1150000414980346,1.0675615174932613,0.9259858154283088
ENSG00000263934.5,-0.1346338222771758,0.8956313287584754,0.11321636366976184,1,3.461469081283392,3.574685444953154,0.9294319010692218
ENSG00000120645.12,0.13323359290284423,0.8963246521528092,0.07243194772131178,0,1.9938474252316027,1.921415477510291,0.9294319010692218
ENSG00000138061.12,0.13378231460828666,0.8955518741305035,0.07088121926127178,0,4.021484892234057,3.9506036729727856,0.9294319010692218
ENSG00000041982.16,0.1323495642219956,0.8967317549554398,0.06125069783933057,0,6.04172269445894,5.98047199661961,0.9294319010692218
ENSG00000286700.1,-0.13084547889665968,0.896901784531799,0.05357520776031022,1,1.3933076052449511,1.4468828130052613,0.9294319010692218
ENSG00000253520.1,-0.13068085991824055,0.8984311715292906,0.08424471704060998,1,3.4033045388872787,3.4875492559278887,0.9305346157734755
ENSG00000125430.9,0.1281134508780914,0.9003723514590575,0.07194577240862543,0,2.5401769887766057,2.4682312163679803,0.9320624756304943
ENSG00000214975.4,0.12543971088587444,0.9022777692292404,0.059307386541259,0,3.987301455787024,3.927994069245765,0.9335517529531717
ENSG00000164879.7,-0.12406277286463042,0.9037977167193929,0.08329555019212709,1,2.0321580097257206,2.1154535599178477,0.9346408652734157
ENSG00000211638.2,-0.12308220921735467,0.9046636130826916,0.1242238567917977,1,1.6116192680240842,1.7358431248158819,0.9350528300596296
ENSG00000230076.1,0.12096402325983847,0.9058699871705629,0.09998210523661033,0,4.277216705687675,4.177234600451064,0.9358161024489287
ENSG00000105997.22,0.11877760351220651,0.9063450347606954,0.03705582191719259,0,3.1228590160336416,3.085803194116449,0.9358234741979302
ENSG00000239951.1,0.11923528007473572,0.9071896304336008,0.12761748065632172,0,4.261952002691421,4.1343345220350995,0.9359046073829156
ENSG00000113657.13,-0.11774248955262938,0.9073595168577367,0.047351524921481314,1,5.4048579040473586,5.45220942896884,0.9359046073829156
ENSG00000211660.3,-0.11394496533412161,0.9115844388428953,0.13614323125450234,1,3.035330896901081,3.1714741281555834,0.9397777720029848
ENSG00000153823.19,0.11218416125823932,0.9128128736708836,0.06585975397841581,0,2.446554379162683,2.380694625184267,0.9401824419921394
ENSG00000165349.12,0.11115107451720574,0.9129171511743674,0.049960215651505546,0,2.805872777127005,2.7559125614754993,0.9401824419921394
ENSG00000187122.17,-0.1091229270953802,0.9141668244047275,0.03838059753553669,1,2.113714532665387,2.1520951302009235,0.9409848938803166
ENSG00000211679.2,-0.10793222749873436,0.9161832724758998,0.13402478384086614,1,4.626548608687038,4.760573392527904,0.9420156745835604
ENSG00000268940.5,-0.1063670449218391,0.9173701307977564,0.068563579068466,1,0.9143570985233821,0.9829206775918481,0.9420156745835604
ENSG00000181433.9,0.10728137741857828,0.9165153179307202,0.05715519144484982,0,0.8346977497827804,0.7775425583379306,0.9420156745835604
ENSG00000255690.3,0.10590884624036215,0.9169708167068544,0.050300713695571986,0,5.543722822622862,5.49342210892729,0.9420156745835604
ENSG00000155495.9,-0.10489308075409824,0.9175232670443878,0.03561570384811352,1,0.5427938817228677,0.5784095855709812,0.9420156745835604
ENSG00000168671.10,0.10177657436084302,0.9198909008764784,0.036146868681423694,0,2.663520979110603,2.6273741104291792,0.9439619300938722
ENSG00000211659.2,-0.10051745495681866,0.9218037358961664,0.09610974464483713,1,2.533372892129739,2.629482636774576,0.9454397291242732
ENSG00000109472.14,0.09909863731027184,0.9226841077274497,0.0504225202295121,0,6.538163977609415,6.487741457379903,0.9458576194028188
ENSG00000211937.3,0.09504289436155992,0.9260492177931883,0.08860451865461494,0,1.9727152513395898,1.8841107326849749,0.9478510210800455
ENSG00000122824.11,-0.09521796699013814,0.9251931043293782,0.044119720121173156,1,3.1984092877505765,3.2425290078717497,0.9478510210800455
ENSG00000075213.11,0.0935796348348184,0.9265243731057444,0.03412537206748478,0,3.316802938131802,3.2826775660643173,0.9478510210800455
ENSG00000174963.18,0.09365596227896361,0.9262352148155208,0.030541906364734972,0,1.5289837840165141,1.4984418776517792,0.9478510210800455
ENSG00000269586.7,0.08979382416889876,0.930179340749967,0.0584622837330786,0,1.0761496530955201,1.0176873693624415,0.9506176195707379
ENSG00000235378.2,-0.08962301252122225,0.9298496561835952,0.04194981392512198,1,0.8280084627557641,0.8699582766808861,0.9506176195707379
ENSG00000205362.11,0.08851568835099569,0.9309151935128319,0.06096699576923559,0,3.561528355048921,3.5005613592796854,0.9508837523113707
ENSG00000109705.8,-0.08304375304203046,0.9347182563685457,0.02961509430107423,1,2.4798551682881076,2.509470262589182,0.9542810172215882
ENSG00000002933.9,-0.07923837331342491,0.9383838988817594,0.04643306789932655,1,5.084135451926849,5.130568519826175,0.9565585105828334
ENSG00000281990.1,0.0789465884438405,0.9382590444436587,0.03635873538230383,0,0.6410412017242116,0.6046824663419078,0.9565585105828334
ENSG00000011201.12,0.07825385582006956,0.9380790199383364,0.021924273474765776,0,3.093547765885193,3.0716234924104273,0.9565585105828334
ENSG00000132321.17,0.07678951784848197,0.9399428712775602,0.03505943428868097,0,2.194465745501556,2.159406311212875,0.957659573385186
ENSG00000019186.10,0.07092668195047096,0.9446321599113014,0.03458315922962241,0,1.482581193147758,1.4479980339181355,0.961947209685643
ENSG00000240583.13,0.06751239651343409,0.9468049502414893,0.024330714665872222,0,5.202460926884002,5.17813021221813,0.963669160551134
ENSG00000196139.14,0.06664559391570088,0.94820452628698,0.04709194497120128,0,3.6402259015396137,3.5931339565684124,0.9646027734353815
ENSG00000211950.2,0.06414998731252487,0.9499707821699587,0.05641072176315509,0,2.051840410346534,1.9954296885833789,0.9659082686018898
ENSG00000182636.8,0.0633571144421555,0.9505506693299759,0.04286456087976598,0,2.939831510029645,2.896966949149879,0.9660067777743657
ENSG00000182195.9,-0.06063609317396128,0.9519115656358141,0.015984576479056045,1,4.921292592345683,4.937277168824739,0.9668984922659362
ENSG00000231421.8,-0.05841600919562341,0.9545476775886134,0.03502205086494359,1,0.5627153618109676,0.5977374126759112,0.9690839366381861
ENSG00000204065.3,-0.05446885558945711,0.9572846295558917,0.030738376995035566,1,4.259877855829665,4.290616232824701,0.9713694871191189
ENSG00000239830.1,0.05253730799573011,0.9591150620311006,0.032507925207750255,0,2.696959158902272,2.6644512336945216,0.9727333286319478
ENSG00000112562.19,-0.051452988144040875,0.9596511511938421,0.023478111581321848,1,4.531966179731088,4.55544429131241,0.9727837315700376
ENSG00000244734.4,-0.049507209150766764,0.9614184771561104,0.03199551977124404,1,4.131935172654807,4.163930692426051,0.9740815371389163
ENSG00000133800.9,-0.04792453041964436,0.9625608676073322,0.023365321468184597,1,2.09219073129035,2.1155560527585346,0.9747451823871718
ENSG00000196549.12,0.043378362225171815,0.9661726436318474,0.026210602249754356,0,2.6758849086941443,2.64967430644439,0.9769187498805333
ENSG00000187690.4,-0.04379219090020771,0.9657223293798416,0.02395354236783187,1,1.02365062330701,1.0476041656748418,0.9769187498805333
ENSG00000166448.15,-0.043920241195186824,0.9655430159031113,0.018991921074685614,1,2.9097811095351105,2.928773030609796,0.9769187498805333
ENSG00000115414.21,-0.04167419649039572,0.9672591771870933,0.015526817189991604,1,7.75299622422418,7.768523041414172,0.9775231704771029
ENSG00000211938.2,0.03978292247534008,0.9689144759132567,0.0320397251649025,0,2.1980614948518324,2.16602176968693,0.9787014908214715
ENSG00000211949.3,0.03696143050218089,0.9711649655289972,0.03880666262771104,0,3.237403587447177,3.198596924819466,0.9804795209782909
ENSG00000204894.4,-0.030463090850024747,0.9762304491366135,0.02038121425536743,1,1.4722546135872783,1.4926358278426457,0.9850963159804375
ENSG00000149380.12,0.027011970487761907,0.9788866803227444,0.013016955967977584,0,2.4984562766360408,2.485439320668063,0.9872785479805793
ENSG00000112837.17,0.024337081266971598,0.981069960754567,0.020333435775394815,0,2.6277363808775362,2.6074029451021414,0.9873658252727815
ENSG00000276644.5,0.024124713209768098,0.9811790089915763,0.015578805607093127,0,3.7613903643072955,3.7458115587002023,0.9873658252727815
ENSG00000283047.1,0.02534933448106494,0.9801765225547834,0.01519459961491565,0,1.2395306176741647,1.224336018059249,0.9873658252727815
ENSG00000119125.17,0.02483113187404951,0.9805687326406946,0.012432279902900856,0,2.0935429182028664,2.0811106382999656,0.9873658252727815
ENSG00000186310.10,0.022481088144143076,0.9824289961464177,0.011978254021827617,0,3.0081684371641164,2.996190183142289,0.9873658252727815
ENSG00000219438.9,-0.02353640069955249,0.9815330120625829,0.011186030357707821,1,2.8932078584819956,2.9043938888397034,0.9873658252727815
ENSG00000079112.10,-0.02268806722192096,0.9820770463448003,0.00782264183562087,1,1.111945041861705,1.1197676836973258,0.9873658252727815
ENSG00000244437.1,0.021551724865701036,0.9832534782912921,0.02941542564133215,0,3.1160490019484386,3.0866335763071064,0.9876981198305295
ENSG00000198795.11,0.019828843143966653,0.9843495579139954,0.006824208654562014,0,4.201807354862985,4.194983146208423,0.9883027689899552
ENSG00000211955.2,0.019087762318372635,0.9850497228355733,0.012475071999428877,0,1.96992463652796,1.957449564528531,0.9885095061069477
ENSG00000211943.2,0.017596141422937615,0.986307049400337,0.016991087221645884,0,2.284059440029178,2.267068352807532,0.9887789968925683
ENSG00000224373.3,0.017996925692002317,0.9859448321194207,0.014399847462237325,0,2.2774180424719517,2.2630181950097144,0.9887789968925683
ENSG00000211956.2,-0.01247805238543217,0.9902452289148889,0.008291015097558141,1,2.2168867249122255,2.2251777400097836,0.9922296882914718
ENSG00000211895.5,0.007931873698095967,0.9938372256905288,0.009426571670896777,0,5.88512162519358,5.8756950535226835,0.9953302210220619
ENSG00000211648.2,0.0037362146137207863,0.997089706920911,0.004007521377788148,0,2.746539643258838,2.74253212188105,0.997753759566711
ENSG00000243466.1,-0.003519062859887467,0.9972548826869276,0.003892450307407813,1,3.4125818811243227,3.4164743314317305,0.997753759566711
ENSG00000142552.8,-0.0023675122993517886,0.9981534973159742,0.0014731047100973171,1,7.103747397022112,7.10522050173221,0.9981534973159742
